datetime,EUA_ICE,gas_EEX,power_EEX,shape_type
2026-01-01,85.24,28.86,81.8665,realised
2026-01-02,86.22,29.32,82.935,realised
2026-01-03,86.22,30.54,88.4277,realised
2026-01-04,86.22,31.54,66.7831,realised
2026-01-05,85.17,29.03,95.4376,realised
2026-01-06,86.02,29.14,62.8955,realised
2026-01-07,86.07,29.99,102.3259,realised
2026-01-08,86.13,29.04,81.3842,realised
2026-01-09,87.49,29.79,53.3962,realised
2026-01-10,87.49,30.99,73.2322,realised
2026-01-11,87.49,30.9,80.6288,realised
2026-01-12,88.04,32.27,88.5146,realised
2026-01-13,88.68,33.22,95.6867,realised
2026-01-14,89.76,33.28,115.536,realised
2026-01-15,90.17,35.5,106.4054,realised
2026-01-16,89.98,39.81,118.9905,realised
2026-01-17,89.98,40.63,127.2364,realised
2026-01-18,89.98,39.89,118.3892,realised
2026-01-19,86.16,36.58,129.8628,realised
2026-01-20,83.08,37.94,102.1327,realised
2026-01-21,85.18,41.18,82.571,realised
2026-01-22,86.54,40.46,59.8359,realised
2026-01-23,86.46,42.24,38.3968,realised
2026-01-24,86.46,41.58,21.0407,realised
2026-01-25,86.46,42.52,11.2535,realised
2026-01-26,85.23,42.31,35.521,realised
2026-01-27,86.46,40.29,28.8175,realised
2026-01-28,84.66,38.98,28.0588,realised
2026-01-29,82.16,39.76,26.0906,realised
2026-01-30,79.53,39.39,12.6077,realised
2026-01-31,79.53,41.06,5.5676,realised
2026-02-01,79.53,40.19,24.5756,realised
2026-02-02,81.53,33.45,13.8341,realised
2026-02-03,81.34,31.72,32.7418,realised
2026-02-04,81.19,32.4,17.2195,realised
2026-02-05,76.59,32.19,6.3039,realised
2026-02-06,77.1,34.26,9.3919,realised
2026-02-07,77.1,33.27,6.8548,realised
2026-02-08,77.1,33.75,5.9243,realised
2026-02-09,79.72,31.79,20.951,realised
2026-02-10,77.25,30.18,4.6947,realised
2026-02-11,76.87,30.87,4.2279,realised
2026-02-12,71.09,31.27,5.7012,realised
2026-02-13,69.29,30.79,4.4164,realised
2026-02-14,69.29,30.85,2.13,realised
2026-02-15,69.29,31.0,1.5535,realised
2026-02-16,67.84,29.29,4.4012,realised
2026-02-17,68.74,28.44,26.7819,realised
2026-02-18,70.22,28.99,18.2438,realised
2026-02-19,69.98,31.61,14.8702,realised
2026-02-20,72.42,30.15,28.3821,realised
2026-02-21,72.42,29.59,29.1054,realised
2026-02-22,72.42,29.35,22.2102,realised
2026-02-23,70.03,29.94,34.8247,realised
2026-02-24,69.32,29.42,28.2465,realised
2026-02-25,71.2,29.3,29.9043,realised
2026-02-26,69.6,30.11,27.3808,realised
2026-02-27,68.93,30.33,20.1007,realised
2026-02-28,68.93,33.12,14.5015,realised
2026-03-01,68.93,36.72,14.9996,realised
2026-03-02,69.22,41.63,18.362,realised
2026-03-03,71.91,55.98,28.4304,realised
2026-03-04,69.38,49.1,56.5085,realised
2026-03-05,68.95,50.87,90.1357,realised
2026-03-06,69.17,51.58,63.2402,realised
2026-03-07,69.17,52.91,62.5698,realised
2026-03-08,69.17,56.99,78.6865,realised
2026-03-09,69.48,56.04,119.4226,realised
2026-03-10,71.49,47.41,136.8609,realised
2026-03-11,70.42,48.76,104.0283,realised
2026-03-12,67.36,48.73,71.1988,realised
2026-03-13,67.79,50.33,37.8857,realised
2026-03-14,67.79,52.07,14.3919,realised
2026-03-15,67.79,51.48,6.4436,realised
2026-03-16,67.62,49.95,37.1818,realised
2026-03-17,65.33,50.75,49.0498,realised
2026-03-18,64.56,52.41,28.8781,realised
2026-03-19,62.36,63.49,24.9531,realised
2026-03-20,66.29,60.02,37.5664,realised
2026-03-21,66.29,58.79,41.4669,realised
2026-03-22,66.29,59.53,28.1506,realised
2026-03-23,67.89,58.25,33.8139,realised
2026-03-24,69.77,52.4,54.3373,realised
2026-03-25,69.29,51.78,19.0532,realised
2026-03-26,70.15,54.24,5.0215,realised
2026-03-27,70.15,54.49,9.0442,realised
2026-03-28,70.15,52.87,3.0283,realised
2026-03-29,70.15,52.93,0.1704,realised
2026-03-30,70.69,52.33,10.5847,realised
2026-03-31,71.04,47.87,7.5553,realised
2026-04-01,73.15,45.52,5.1518,realised
2026-04-02,70.24,48.88,5.0045,realised
2026-04-03,70.24,48.83,14.4386,realised
2026-04-04,70.24,48.73,21.2139,realised
2026-04-05,70.24,49.05,23.1461,realised
2026-04-06,70.24,49.6,19.4042,realised
2026-04-07,70.09,50.81,33.4748,realised
2026-04-08,70.32,44.01,63.2059,realised
2026-04-09,72.36,44.22,53.2011,realised
2026-04-10,71.48,42.96,44.4841,realised
2026-04-11,71.48,44.74,28.9091,realised
2026-04-12,71.48,49.62,13.3285,realised
2026-04-13,71.23,45.64,23.8046,realised
2026-04-14,73.49,41.65,45.968,realised
2026-04-15,72.78,40.6,59.9039,realised
2026-04-16,73.63,41.17,69.3322,realised
2026-04-17,76.1,39.58,70.87,realised
2026-04-18,76.1,39.38,46.5619,realised
2026-04-19,76.1,41.02,36.2193,realised
2026-04-20,74.78,38.79,50.8465,realised
2026-04-21,74.36,40.13,45.2782,realised
2026-04-22,73.08,42.0,48.9971,realised
2026-04-23,73.52,43.71,49.0835,realised
2026-04-24,73.58,44.31,72.6408,realised
2026-04-25,73.58,43.78,50.7884,realised
2026-04-26,73.58,43.53,35.3001,realised
2026-04-27,73.44,43.74,46.9852,realised
2026-04-28,73.8,43.4,55.6713,realised
2026-04-29,71.89,45.79,75.7208,realised
2026-04-30,72.49,46.07,64.3865,realised
2026-05-01,72.65,45.69,57.8746,realised
2026-05-02,72.65,45.54,43.635,realised
2026-05-03,72.65,46.66,48.1296,realised
2026-05-04,71.76,48.54,69.7084,realised
2026-05-05,74.4,47.35,64.3414,realised
2026-05-06,74.77,43.76,78.0243,realised
2026-05-07,73.86,42.41,86.8969,realised
2026-05-08,73.91,42.64,64.6842,realised
2026-05-09,73.91,42.64,33.7972,realised
2026-05-10,73.91,43.53,20.8448,realised
2026-05-11,75.9,45.49,52.6595,realised
2026-05-12,74.52,46.42,69.2333,realised
2026-05-13,73.8,46.33,48.2616,realised
2026-05-14,73.85,47.0,53.3395,realised
2026-05-15,74.38,49.41,37.7285,realised
2026-05-16,74.38,49.82,41.7775,realised
2026-05-17,74.38,49.85,45.8149,realised
2026-05-18,74.33,48.48,60.7154,realised
2026-05-19,73.74,50.22,45.8538,realised
2026-05-20,74.18,49.11,56.0316,realised
2026-05-21,73.73,47.56,57.7545,realised
2026-05-22,75.72,46.92,56.1351,realised
2026-05-23,75.72,46.53,36.5217,realised
2026-05-24,75.72,43.87,26.3162,realised
2026-05-25,75.59,44.85,31.716,realised
2026-05-26,76.85,46.15,60.3668,realised
2026-05-27,77.52,45.36,71.442,realised
2026-05-28,78.94,46.25,74.9836,realised
2026-05-29,79.43,46.14,79.5927,realised
2026-05-30,79.43,44.32,62.3167,realised
2026-05-31,79.43,46.32,44.4903,realised
2026-06-01,77.97,48.75,69.6849,shaped_because_no_realised_data
2026-06-02,78.3,47.79,51.0804,shaped_because_no_realised_data
2026-06-03,77.41,48.34,55.9349,shaped_because_no_realised_data
2026-06-04,75.9,48.18,55.6209,shaped_because_no_realised_data
2026-06-05,75.77,48.11,57.7473,shaped_because_no_realised_data
2026-06-06,75.77,48.03,55.4771,shaped_because_no_realised_data
2026-06-07,75.77,48.56,51.8412,shaped_because_no_realised_data
2026-06-08,75.81,49.72,58.0827,shaped_because_no_realised_data
2026-06-09,75.04,48.45,50.8119,shaped_because_no_realised_data
2026-06-10,76.38,48.8,38.9562,shaped_because_no_realised_data
2026-06-11,76.03,49.4,34.8594,shaped_because_no_realised_data
2026-06-12,76.07,46.36,29.5493,shaped_because_no_realised_data
2026-06-13,76.07,45.52,45.1931,shaped_because_no_realised_data
2026-06-14,76.07,46.19,60.4785,shaped_because_no_realised_data
2026-06-15,78.92,42.71,87.754,shaped_because_no_realised_data
2026-06-16,78.74,42.31,98.3034,shaped_because_no_realised_data
2026-06-17,78.67,41.69,94.9001,shaped_because_no_realised_data
2026-06-18,78.89,41.2,92.6412,shaped_because_no_realised_data
2026-06-19,79.47,42.39,85.2835,shaped_because_no_realised_data
2026-06-20,79.47,42.47,66.3541,shaped_because_no_realised_data
2026-06-21,79.47,45.34,56.7689,shaped_because_no_realised_data
2026-06-22,80.47,42.55,99.8852,shaped_because_no_realised_data
2026-06-23,79.63,42.13,112.4216,shaped_because_no_realised_data
2026-06-24,79.7,41.75,95.5656,shaped_because_no_realised_data
2026-06-25,79.49,40.96,79.5631,shaped_because_no_realised_data
2026-06-26,79.22,40.76,87.4993,shaped_because_no_realised_data
2026-06-27,79.22,42.37,70.1931,shaped_because_no_realised_data
2026-06-28,79.22,44.03,66.4605,shaped_because_no_realised_data
2026-06-29,77.77,42.41,83.5119,shaped_because_no_realised_data
2026-06-30,79.14,43.67,95.3549,shaped_because_no_realised_data
2026-07-01,78.54,43.8,56.7722,shaped_because_no_realised_data
2026-07-02,78.46,44.39,46.7875,shaped_because_no_realised_data
2026-07-03,79.61,45.26,47.3109,shaped_because_no_realised_data
2026-07-04,79.61,47.85,48.8533,shaped_because_no_realised_data
2026-07-05,79.61,46.0,63.8077,shaped_because_no_realised_data
2026-07-06,80.81,45.16,100.5532,shaped_because_no_realised_data
2026-07-07,79.21,48.5,113.9534,shaped_because_no_realised_data
2026-07-08,78.08,49.9,109.8486,shaped_because_no_realised_data
2026-07-09,78.09,50.65,112.7701,shaped_because_no_realised_data
2026-07-10,78.25,49.76,117.8523,shaped_because_no_realised_data
2026-07-11,78.25,50.18,87.3152,shaped_because_no_realised_data
2026-07-12,78.25,50.76,72.0041,shaped_because_no_realised_data
2026-07-13,79.16,53.08,124.9571,shaped_because_no_realised_data
2026-07-14,80.4,55.98,124.0778,shaped_because_no_realised_data
2026-07-15,80.19,56.92,138.1052,shaped_because_no_realised_data
2026-07-16,78.25,57.54,135.2666,shaped_because_no_realised_data
2026-07-17,78.18,59.09,137.5343,shaped_because_no_realised_data
2026-07-18,78.18,61.15,90.7433,shaped_because_no_realised_data
2026-07-19,78.18,61.71,90.981,shaped_because_no_realised_data
2026-07-20,82.32,61.06,131.3642,shaped_because_no_realised_data
2026-07-21,82.24,62.24,136.2412,shaped_because_no_realised_data
2026-07-22,85.64,65.02,150.3156,shaped_because_no_realised_data
2026-07-23,82.92,64.79,136.7331,shaped_because_no_realised_data
2026-07-24,82.45,64.79,110.8679,shaped_because_no_realised_data
2026-07-25,82.45,64.92,82.0616,shaped_because_no_realised_data
2026-07-26,82.45,62.46,69.3749,shaped_because_no_realised_data
2026-07-27,81.43,59.9,98.0194,shaped_because_no_realised_data
2026-07-28,80.84,58.01,123.6809,shaped_because_no_realised_data
2026-07-29,81.14,60.91,120.4254,shaped_because_no_realised_data
2026-07-30,80.42,59.87,128.5523,shaped_because_no_realised_data
2026-07-31,80.4,59.45,140.0139,shaped_because_no_realised_data
2026-08-01,80.4,60.75,111.6836,shaped_because_no_realised_data
2026-08-02,80.4,58.65,106.1967,shaped_because_no_realised_data
2026-08-03,80.02,58.09,151.8669,shaped_because_no_realised_data
2026-08-04,80.5,56.1,146.3708,shaped_because_no_realised_data
2026-08-05,80.25,52.41,118.9145,shaped_because_no_realised_data
2026-08-06,81.06,54.76,109.5099,shaped_because_no_realised_data
2026-08-07,82.45,54.9,119.0307,shaped_because_no_realised_data
2026-08-08,82.45,55.37,108.6095,shaped_because_no_realised_data
2026-08-09,82.45,55.69,94.3881,shaped_because_no_realised_data
2026-08-10,81.45,59.23,126.7553,shaped_because_no_realised_data
2026-08-11,81.62,59.74,128.8501,shaped_because_no_realised_data
2026-08-12,81.19,60.45,135.3084,shaped_because_no_realised_data
2026-08-13,81.94,59.61,138.9007,shaped_because_no_realised_data
2026-08-14,81.0,60.89,140.086,shaped_because_no_realised_data
2026-08-15,81.0,62.41,116.512,shaped_because_no_realised_data
2026-08-16,81.0,63.46,116.0229,shaped_because_no_realised_data
2026-08-17,80.81,61.95,157.3459,shaped_because_no_realised_data
2026-08-18,81.53,62.71,127.6404,shaped_because_no_realised_data
2026-08-19,80.94,63.38,127.55,shaped_because_no_realised_data
2026-08-20,81.69,64.98,138.6865,shaped_because_no_realised_data
2026-08-21,81.87,66.3,113.9798,shaped_because_no_realised_data
2026-08-22,81.87,66.75,94.5656,shaped_because_no_realised_data
2026-08-23,81.87,66.22,85.1014,shaped_because_no_realised_data
2026-08-24,83.06,67.97,41.0533,shaped_because_no_realised_data
2026-08-25,83.67,66.1,120.3471,shaped_because_no_realised_data
2026-08-26,81.96,65.86,110.8598,shaped_because_no_realised_data
2026-08-27,81.9657,65.6722,110.841,shaped_because_no_realised_data
2026-08-28,81.9713,65.4844,125.9007,shaped
2026-08-29,81.977,65.2966,89.99,shaped
2026-08-30,81.9827,65.1088,89.99,shaped
2026-08-31,81.9883,64.921,137.062,shaped
2026-09-01,81.994,64.921,137.062,shaped
2026-09-02,81.9997,64.921,137.062,shaped
2026-09-03,82.0054,64.921,137.062,shaped
2026-09-04,82.011,64.921,137.062,shaped
2026-09-05,82.0167,64.921,95.72,shaped
2026-09-06,82.0224,64.921,95.72,shaped
2026-09-07,82.028,64.921,149.3747,shaped
2026-09-08,82.0337,64.921,149.3747,shaped
2026-09-09,82.0394,64.921,149.3747,shaped
2026-09-10,82.045,64.921,149.3747,shaped
2026-09-11,82.0507,64.921,149.3747,shaped
2026-09-12,82.0564,64.921,80.1281,shaped
2026-09-13,82.062,64.921,80.1281,shaped
2026-09-14,82.0677,64.921,140.3863,shaped
2026-09-15,82.0734,64.921,140.3863,shaped
2026-09-16,82.0791,64.921,140.3863,shaped
2026-09-17,82.0847,64.921,140.3863,shaped
2026-09-18,82.0904,64.921,140.3863,shaped
2026-09-19,82.0961,64.921,80.4443,shaped
2026-09-20,82.1017,64.921,80.4443,shaped
2026-09-21,82.1074,64.921,134.2342,shaped
2026-09-22,82.1131,64.921,134.2342,shaped
2026-09-23,82.1187,64.921,134.2342,shaped
2026-09-24,82.1244,64.921,134.2342,shaped
2026-09-25,82.1301,64.921,134.2342,shaped
2026-09-26,82.1357,64.921,90.3996,shaped
2026-09-27,82.1414,64.921,90.3996,shaped
2026-09-28,82.1471,64.921,131.764,shaped
2026-09-29,82.1528,64.921,131.764,shaped
2026-09-30,82.1584,64.921,131.764,shaped
2026-10-01,82.1641,64.441,127.6152,shaped
2026-10-02,82.1698,64.441,127.6152,shaped
2026-10-03,82.1754,64.441,92.9766,shaped
2026-10-04,82.1811,64.441,92.9766,shaped
2026-10-05,82.1868,64.441,120.594,shaped
2026-10-06,82.1924,64.441,120.594,shaped
2026-10-07,82.1981,64.441,120.594,shaped
2026-10-08,82.2038,64.441,120.594,shaped
2026-10-09,82.2094,64.441,120.594,shaped
2026-10-10,82.2151,64.441,84.2651,shaped
2026-10-11,82.2208,64.441,84.2651,shaped
2026-10-12,82.2265,64.441,141.3428,shaped
2026-10-13,82.2321,64.441,141.3428,shaped
2026-10-14,82.2378,64.441,141.3428,shaped
2026-10-15,82.2435,64.441,141.3428,shaped
2026-10-16,82.2491,64.441,141.3428,shaped
2026-10-17,82.2548,64.441,99.7652,shaped
2026-10-18,82.2605,64.441,99.7652,shaped
2026-10-19,82.2661,64.441,122.0118,shaped
2026-10-20,82.2718,64.441,122.0118,shaped
2026-10-21,82.2775,64.441,122.0118,shaped
2026-10-22,82.2831,64.441,122.0118,shaped
2026-10-23,82.2888,64.441,122.0118,shaped
2026-10-24,82.2945,64.441,88.9567,shaped
2026-10-25,82.3002,64.441,88.9567,shaped
2026-10-26,82.3058,64.441,129.4215,shaped
2026-10-27,82.3115,64.441,129.4215,shaped
2026-10-28,82.3172,64.441,129.4215,shaped
2026-10-29,82.3228,64.441,129.4215,shaped
2026-10-30,82.3285,64.441,129.4215,shaped
2026-10-31,82.3342,64.441,86.6315,shaped
2026-11-01,82.3398,64.031,84.6083,shaped
2026-11-02,82.3455,64.031,134.1733,shaped
2026-11-03,82.3512,64.031,134.1733,shaped
2026-11-04,82.3569,64.031,134.1733,shaped
2026-11-05,82.3625,64.031,134.1733,shaped
2026-11-06,82.3682,64.031,134.1733,shaped
2026-11-07,82.3739,64.031,74.1705,shaped
2026-11-08,82.3795,64.031,74.1705,shaped
2026-11-09,82.3852,64.031,139.8716,shaped
2026-11-10,82.3909,64.031,139.8716,shaped
2026-11-11,82.3965,64.031,139.8716,shaped
2026-11-12,82.4022,64.031,139.8716,shaped
2026-11-13,82.4079,64.031,139.8716,shaped
2026-11-14,82.4135,64.031,99.0435,shaped
2026-11-15,82.4192,64.031,99.0435,shaped
2026-11-16,82.4249,64.031,125.317,shaped
2026-11-17,82.4306,64.031,125.317,shaped
2026-11-18,82.4362,64.031,125.317,shaped
2026-11-19,82.4419,64.031,125.317,shaped
2026-11-20,82.4476,64.031,125.317,shaped
2026-11-21,82.4532,64.031,98.5566,shaped
2026-11-22,82.4589,64.031,98.5566,shaped
2026-11-23,82.4646,64.031,131.9999,shaped
2026-11-24,82.4702,64.031,131.9999,shaped
2026-11-25,82.4759,64.031,131.9999,shaped
2026-11-26,82.4816,64.031,131.9999,shaped
2026-11-27,82.4872,64.031,131.9999,shaped
2026-11-28,82.4929,64.031,92.8709,shaped
2026-11-29,82.4986,64.031,92.8709,shaped
2026-11-30,82.5043,64.031,131.9999,shaped
2026-12-01,82.5099,65.355,134.9726,shaped
2026-12-02,82.5156,65.355,134.9726,shaped
2026-12-03,82.5213,65.355,134.9726,shaped
2026-12-04,82.5269,65.355,134.9726,shaped
2026-12-05,82.5326,65.355,94.9623,shaped
2026-12-06,82.5383,65.355,94.9623,shaped
2026-12-07,82.5439,65.355,121.9837,shaped
2026-12-08,82.5496,65.355,121.9837,shaped
2026-12-09,82.5553,65.355,121.9837,shaped
2026-12-10,82.5609,65.355,121.9837,shaped
2026-12-11,82.5666,65.355,121.9837,shaped
2026-12-12,82.5723,65.355,92.1613,shaped
2026-12-13,82.578,65.355,92.1613,shaped
2026-12-14,82.5836,65.355,112.0618,shaped
2026-12-15,82.5893,65.355,112.0618,shaped
2026-12-16,82.595,65.355,112.0618,shaped
2026-12-17,82.6006,65.355,112.0618,shaped
2026-12-18,82.6063,65.355,112.0618,shaped
2026-12-19,82.612,65.355,84.8501,shaped
2026-12-20,82.6176,65.355,84.8501,shaped
2026-12-21,82.6233,65.355,137.1016,shaped
2026-12-22,82.629,65.355,137.1016,shaped
2026-12-23,82.6346,65.355,137.1016,shaped
2026-12-24,82.6403,65.355,137.1016,shaped
2026-12-25,82.646,65.355,137.1016,shaped
2026-12-26,82.6517,65.355,112.1006,shaped
2026-12-27,82.6573,65.355,112.1006,shaped
2026-12-28,82.663,65.355,114.5664,shaped
2026-12-29,82.6687,65.355,114.5664,shaped
2026-12-30,82.6743,65.355,114.5664,shaped
2026-12-31,82.68,65.355,114.5664,shaped
2027-01-01,82.6881,64.531,112.087,shaped
2027-01-02,82.6962,64.531,97.5291,shaped
2027-01-03,82.7043,64.531,97.5291,shaped
2027-01-04,82.7124,64.531,134.7987,shaped
2027-01-05,82.7205,64.531,134.7987,shaped
2027-01-06,82.7287,64.531,134.7987,shaped
2027-01-07,82.7368,64.531,134.7987,shaped
2027-01-08,82.7449,64.531,134.7987,shaped
2027-01-09,82.753,64.531,113.7232,shaped
2027-01-10,82.7611,64.531,113.7232,shaped
2027-01-11,82.7692,64.531,137.3769,shaped
2027-01-12,82.7773,64.531,137.3769,shaped
2027-01-13,82.7854,64.531,137.3769,shaped
2027-01-14,82.7935,64.531,137.3769,shaped
2027-01-15,82.8016,64.531,137.3769,shaped
2027-01-16,82.8098,64.531,106.467,shaped
2027-01-17,82.8179,64.531,106.467,shaped
2027-01-18,82.826,64.531,123.6337,shaped
2027-01-19,82.8341,64.531,123.6337,shaped
2027-01-20,82.8422,64.531,123.6337,shaped
2027-01-21,82.8503,64.531,123.6337,shaped
2027-01-22,82.8584,64.531,123.6337,shaped
2027-01-23,82.8665,64.531,107.6981,shaped
2027-01-24,82.8746,64.531,107.6981,shaped
2027-01-25,82.8827,64.531,93.7385,shaped
2027-01-26,82.8908,64.531,93.7385,shaped
2027-01-27,82.899,64.531,93.7385,shaped
2027-01-28,82.9071,64.531,93.7385,shaped
2027-01-29,82.9152,64.531,93.7385,shaped
2027-01-30,82.9233,64.531,85.3847,shaped
2027-01-31,82.9314,64.531,85.3847,shaped
2027-02-01,82.9395,63.504,126.1685,shaped
2027-02-02,82.9476,63.504,126.1685,shaped
2027-02-03,82.9557,63.504,126.1685,shaped
2027-02-04,82.9638,63.504,126.1685,shaped
2027-02-05,82.9719,63.504,126.1685,shaped
2027-02-06,82.9801,63.504,105.4428,shaped
2027-02-07,82.9882,63.504,105.4428,shaped
2027-02-08,82.9963,63.504,126.2108,shaped
2027-02-09,83.0044,63.504,126.2108,shaped
2027-02-10,83.0125,63.504,126.2108,shaped
2027-02-11,83.0206,63.504,126.2108,shaped
2027-02-12,83.0287,63.504,126.2108,shaped
2027-02-13,83.0368,63.504,85.0527,shaped
2027-02-14,83.0449,63.504,85.0527,shaped
2027-02-15,83.053,63.504,84.2738,shaped
2027-02-16,83.0612,63.504,84.2738,shaped
2027-02-17,83.0693,63.504,84.2738,shaped
2027-02-18,83.0774,63.504,84.2738,shaped
2027-02-19,83.0855,63.504,84.2738,shaped
2027-02-20,83.0936,63.504,70.4863,shaped
2027-02-21,83.1017,63.504,70.4863,shaped
2027-02-22,83.1098,63.504,99.3728,shaped
2027-02-23,83.1179,63.504,99.3728,shaped
2027-02-24,83.126,63.504,99.3728,shaped
2027-02-25,83.1341,63.504,99.3728,shaped
2027-02-26,83.1422,63.504,99.3728,shaped
2027-02-27,83.1504,63.504,72.1932,shaped
2027-02-28,83.1585,63.504,72.1932,shaped
2027-03-01,83.1666,59.1514,95.0016,shaped
2027-03-02,83.1747,59.1514,95.0016,shaped
2027-03-03,83.1828,59.1514,95.0016,shaped
2027-03-04,83.1909,59.1514,95.0016,shaped
2027-03-05,83.199,59.1514,95.0016,shaped
2027-03-06,83.2071,59.1514,74.7021,shaped
2027-03-07,83.2152,59.1514,74.7021,shaped
2027-03-08,83.2233,59.1514,94.2744,shaped
2027-03-09,83.2315,59.1514,94.2744,shaped
2027-03-10,83.2396,59.1514,94.2744,shaped
2027-03-11,83.2477,59.1514,94.2744,shaped
2027-03-12,83.2558,59.1514,94.2744,shaped
2027-03-13,83.2639,59.1514,70.4641,shaped
2027-03-14,83.272,59.1514,70.4641,shaped
2027-03-15,83.2801,59.1514,88.6014,shaped
2027-03-16,83.2882,59.1514,88.6014,shaped
2027-03-17,83.2963,59.1514,88.6014,shaped
2027-03-18,83.3044,59.1514,88.6014,shaped
2027-03-19,83.3125,59.1514,88.6014,shaped
2027-03-20,83.3207,59.1514,56.6659,shaped
2027-03-21,83.3288,59.1514,56.6659,shaped
2027-03-22,83.3369,59.1514,69.855,shaped
2027-03-23,83.345,59.1514,69.855,shaped
2027-03-24,83.3531,59.1514,69.855,shaped
2027-03-25,83.3612,59.1514,69.855,shaped
2027-03-26,83.3693,59.1514,69.855,shaped
2027-03-27,83.3774,59.1514,50.1478,shaped
2027-03-28,83.3855,59.1514,50.1478,shaped
2027-03-29,83.3936,59.1514,52.5356,shaped
2027-03-30,83.4018,59.1514,52.5356,shaped
2027-03-31,83.4099,59.1514,52.5356,shaped
2027-04-01,83.418,42.7493,41.7328,shaped
2027-04-02,83.4261,42.7493,41.7328,shaped
2027-04-03,83.4342,42.7493,22.3423,shaped
2027-04-04,83.4423,42.7493,22.3423,shaped
2027-04-05,83.4504,42.7493,46.667,shaped
2027-04-06,83.4585,42.7493,46.667,shaped
2027-04-07,83.4666,42.7493,46.667,shaped
2027-04-08,83.4747,42.7493,46.667,shaped
2027-04-09,83.4828,42.7493,46.667,shaped
2027-04-10,83.491,42.7493,35.7218,shaped
2027-04-11,83.4991,42.7493,35.7218,shaped
2027-04-12,83.5072,42.7493,51.5591,shaped
2027-04-13,83.5153,42.7493,51.5591,shaped
2027-04-14,83.5234,42.7493,51.5591,shaped
2027-04-15,83.5315,42.7493,51.5591,shaped
2027-04-16,83.5396,42.7493,51.5591,shaped
2027-04-17,83.5477,42.7493,31.2232,shaped
2027-04-18,83.5558,42.7493,31.2232,shaped
2027-04-19,83.5639,42.7493,51.1799,shaped
2027-04-20,83.5721,42.7493,51.1799,shaped
2027-04-21,83.5802,42.7493,51.1799,shaped
2027-04-22,83.5883,42.7493,51.1799,shaped
2027-04-23,83.5964,42.7493,51.1799,shaped
2027-04-24,83.6045,42.7493,30.6005,shaped
2027-04-25,83.6126,42.7493,30.6005,shaped
2027-04-26,83.6207,42.7493,37.0915,shaped
2027-04-27,83.6288,42.7493,37.0915,shaped
2027-04-28,83.6369,42.7493,37.0915,shaped
2027-04-29,83.645,42.7493,37.0915,shaped
2027-04-30,83.6532,42.7493,37.0915,shaped
2027-05-01,83.6613,42.7171,33.4511,shaped
2027-05-02,83.6694,42.7171,33.4511,shaped
2027-05-03,83.6775,42.7171,56.9151,shaped
2027-05-04,83.6856,42.7171,56.9151,shaped
2027-05-05,83.6937,42.7171,56.9151,shaped
2027-05-06,83.7018,42.7171,56.9151,shaped
2027-05-07,83.7099,42.7171,56.9151,shaped
2027-05-08,83.718,42.7171,37.7597,shaped
2027-05-09,83.7261,42.7171,37.7597,shaped
2027-05-10,83.7342,42.7171,42.1468,shaped
2027-05-11,83.7424,42.7171,42.1468,shaped
2027-05-12,83.7505,42.7171,42.1468,shaped
2027-05-13,83.7586,42.7171,42.1468,shaped
2027-05-14,83.7667,42.7171,42.1468,shaped
2027-05-15,83.7748,42.7171,25.1547,shaped
2027-05-16,83.7829,42.7171,25.1547,shaped
2027-05-17,83.791,42.7171,55.4303,shaped
2027-05-18,83.7991,42.7171,55.4303,shaped
2027-05-19,83.8072,42.7171,55.4303,shaped
2027-05-20,83.8153,42.7171,55.4303,shaped
2027-05-21,83.8235,42.7171,55.4303,shaped
2027-05-22,83.8316,42.7171,37.4909,shaped
2027-05-23,83.8397,42.7171,37.4909,shaped
2027-05-24,83.8478,42.7171,50.9842,shaped
2027-05-25,83.8559,42.7171,50.9842,shaped
2027-05-26,83.864,42.7171,50.9842,shaped
2027-05-27,83.8721,42.7171,50.9842,shaped
2027-05-28,83.8802,42.7171,50.9842,shaped
2027-05-29,83.8883,42.7171,34.8274,shaped
2027-05-30,83.8964,42.7171,34.8274,shaped
2027-05-31,83.9045,42.7171,50.9842,shaped
2027-06-01,83.9127,44.3378,58.3434,shaped
2027-06-02,83.9208,44.3378,58.3434,shaped
2027-06-03,83.9289,44.3378,58.3434,shaped
2027-06-04,83.937,44.3378,58.3434,shaped
2027-06-05,83.9451,44.3378,39.8545,shaped
2027-06-06,83.9532,44.3378,39.8545,shaped
2027-06-07,83.9613,44.3378,56.21,shaped
2027-06-08,83.9694,44.3378,56.21,shaped
2027-06-09,83.9775,44.3378,56.21,shaped
2027-06-10,83.9856,44.3378,56.21,shaped
2027-06-11,83.9938,44.3378,56.21,shaped
2027-06-12,84.0019,44.3378,32.8567,shaped
2027-06-13,84.01,44.3378,32.8567,shaped
2027-06-14,84.0181,44.3378,67.9411,shaped
2027-06-15,84.0262,44.3378,67.9411,shaped
2027-06-16,84.0343,44.3378,67.9411,shaped
2027-06-17,84.0424,44.3378,67.9411,shaped
2027-06-18,84.0505,44.3378,67.9411,shaped
2027-06-19,84.0586,44.3378,38.9633,shaped
2027-06-20,84.0667,44.3378,38.9633,shaped
2027-06-21,84.0748,44.3378,93.5579,shaped
2027-06-22,84.083,44.3378,93.5579,shaped
2027-06-23,84.0911,44.3378,93.5579,shaped
2027-06-24,84.0992,44.3378,93.5579,shaped
2027-06-25,84.1073,44.3378,93.5579,shaped
2027-06-26,84.1154,44.3378,59.5632,shaped
2027-06-27,84.1235,44.3378,59.5632,shaped
2027-06-28,84.1316,44.3378,106.8708,shaped
2027-06-29,84.1397,44.3378,106.8708,shaped
2027-06-30,84.1478,44.3378,106.8708,shaped
2027-07-01,84.1559,40.6163,81.0699,shaped
2027-07-02,84.1641,40.6163,81.0699,shaped
2027-07-03,84.1722,40.6163,56.7831,shaped
2027-07-04,84.1803,40.6163,56.7831,shaped
2027-07-05,84.1884,40.6163,71.9425,shaped
2027-07-06,84.1965,40.6163,71.9425,shaped
2027-07-07,84.2046,40.6163,71.9425,shaped
2027-07-08,84.2127,40.6163,71.9425,shaped
2027-07-09,84.2208,40.6163,71.9425,shaped
2027-07-10,84.2289,40.6163,55.7847,shaped
2027-07-11,84.237,40.6163,55.7847,shaped
2027-07-12,84.2452,40.6163,81.8202,shaped
2027-07-13,84.2533,40.6163,81.8202,shaped
2027-07-14,84.2614,40.6163,81.8202,shaped
2027-07-15,84.2695,40.6163,81.8202,shaped
2027-07-16,84.2776,40.6163,81.8202,shaped
2027-07-17,84.2857,40.6163,53.7139,shaped
2027-07-18,84.2938,40.6163,53.7139,shaped
2027-07-19,84.3019,40.6163,86.3035,shaped
2027-07-20,84.31,40.6163,86.3035,shaped
2027-07-21,84.3181,40.6163,86.3035,shaped
2027-07-22,84.3262,40.6163,86.3035,shaped
2027-07-23,84.3344,40.6163,86.3035,shaped
2027-07-24,84.3425,40.6163,60.0945,shaped
2027-07-25,84.3506,40.6163,60.0945,shaped
2027-07-26,84.3587,40.6163,73.6335,shaped
2027-07-27,84.3668,40.6163,73.6335,shaped
2027-07-28,84.3749,40.6163,73.6335,shaped
2027-07-29,84.383,40.6163,73.6335,shaped
2027-07-30,84.3911,40.6163,73.6335,shaped
2027-07-31,84.3992,40.6163,53.674,shaped
2027-08-01,84.4073,41.4195,56.3664,shaped
2027-08-02,84.4155,41.4195,82.647,shaped
2027-08-03,84.4236,41.4195,82.647,shaped
2027-08-04,84.4317,41.4195,82.647,shaped
2027-08-05,84.4398,41.4195,82.647,shaped
2027-08-06,84.4479,41.4195,82.647,shaped
2027-08-07,84.456,41.4195,60.4623,shaped
2027-08-08,84.4641,41.4195,60.4623,shaped
2027-08-09,84.4722,41.4195,82.6372,shaped
2027-08-10,84.4803,41.4195,82.6372,shaped
2027-08-11,84.4884,41.4195,82.6372,shaped
2027-08-12,84.4965,41.4195,82.6372,shaped
2027-08-13,84.5047,41.4195,82.6372,shaped
2027-08-14,84.5128,41.4195,64.192,shaped
2027-08-15,84.5209,41.4195,64.192,shaped
2027-08-16,84.529,41.4195,82.7578,shaped
2027-08-17,84.5371,41.4195,82.7578,shaped
2027-08-18,84.5452,41.4195,82.7578,shaped
2027-08-19,84.5533,41.4195,82.7578,shaped
2027-08-20,84.5614,41.4195,82.7578,shaped
2027-08-21,84.5695,41.4195,53.1777,shaped
2027-08-22,84.5776,41.4195,53.1777,shaped
2027-08-23,84.5858,41.4195,80.8487,shaped
2027-08-24,84.5939,41.4195,80.8487,shaped
2027-08-25,84.602,41.4195,80.8487,shaped
2027-08-26,84.6101,41.4195,80.8487,shaped
2027-08-27,84.6182,41.4195,80.8487,shaped
2027-08-28,84.6263,41.4195,50.7303,shaped
2027-08-29,84.6344,41.4195,50.7303,shaped
2027-08-30,84.6425,41.4195,80.8487,shaped
2027-08-31,84.6506,41.4195,80.8487,shaped
2027-09-01,84.6587,42.8091,91.5304,shaped
2027-09-02,84.6668,42.8091,91.5304,shaped
2027-09-03,84.675,42.8091,91.5304,shaped
2027-09-04,84.6831,42.8091,57.4328,shaped
2027-09-05,84.6912,42.8091,57.4328,shaped
2027-09-06,84.6993,42.8091,88.5777,shaped
2027-09-07,84.7074,42.8091,88.5777,shaped
2027-09-08,84.7155,42.8091,88.5777,shaped
2027-09-09,84.7236,42.8091,88.5777,shaped
2027-09-10,84.7317,42.8091,88.5777,shaped
2027-09-11,84.7398,42.8091,54.0841,shaped
2027-09-12,84.7479,42.8091,54.0841,shaped
2027-09-13,84.7561,42.8091,84.4105,shaped
2027-09-14,84.7642,42.8091,84.4105,shaped
2027-09-15,84.7723,42.8091,84.4105,shaped
2027-09-16,84.7804,42.8091,84.4105,shaped
2027-09-17,84.7885,42.8091,84.4105,shaped
2027-09-18,84.7966,42.8091,54.2975,shaped
2027-09-19,84.8047,42.8091,54.2975,shaped
2027-09-20,84.8128,42.8091,86.1876,shaped
2027-09-21,84.8209,42.8091,86.1876,shaped
2027-09-22,84.829,42.8091,86.1876,shaped
2027-09-23,84.8372,42.8091,86.1876,shaped
2027-09-24,84.8453,42.8091,86.1876,shaped
2027-09-25,84.8534,42.8091,61.017,shaped
2027-09-26,84.8615,42.8091,61.017,shaped
2027-09-27,84.8696,42.8091,83.9302,shaped
2027-09-28,84.8777,42.8091,83.9302,shaped
2027-09-29,84.8858,42.8091,83.9302,shaped
2027-09-30,84.8939,42.8091,83.9302,shaped
2027-10-01,84.902,38.4169,74.3002,shaped
2027-10-02,84.9101,38.4169,54.1329,shaped
2027-10-03,84.9182,38.4169,54.1329,shaped
2027-10-04,84.9264,38.4169,73.391,shaped
2027-10-05,84.9345,38.4169,73.391,shaped
2027-10-06,84.9426,38.4169,73.391,shaped
2027-10-07,84.9507,38.4169,73.391,shaped
2027-10-08,84.9588,38.4169,73.391,shaped
2027-10-09,84.9669,38.4169,51.282,shaped
2027-10-10,84.975,38.4169,51.282,shaped
2027-10-11,84.9831,38.4169,86.0183,shaped
2027-10-12,84.9912,38.4169,86.0183,shaped
2027-10-13,84.9993,38.4169,86.0183,shaped
2027-10-14,85.0075,38.4169,86.0183,shaped
2027-10-15,85.0156,38.4169,86.0183,shaped
2027-10-16,85.0237,38.4169,60.715,shaped
2027-10-17,85.0318,38.4169,60.715,shaped
2027-10-18,85.0399,38.4169,74.2539,shaped
2027-10-19,85.048,38.4169,74.2539,shaped
2027-10-20,85.0561,38.4169,74.2539,shaped
2027-10-21,85.0642,38.4169,74.2539,shaped
2027-10-22,85.0723,38.4169,74.2539,shaped
2027-10-23,85.0804,38.4169,54.1372,shaped
2027-10-24,85.0885,38.4169,54.1372,shaped
2027-10-25,85.0967,38.4169,78.7633,shaped
2027-10-26,85.1048,38.4169,78.7633,shaped
2027-10-27,85.1129,38.4169,78.7633,shaped
2027-10-28,85.121,38.4169,78.7633,shaped
2027-10-29,85.1291,38.4169,78.7633,shaped
2027-10-30,85.1372,38.4169,52.7222,shaped
2027-10-31,85.1453,38.4169,52.7222,shaped
2027-11-01,85.1534,40.5603,82.981,shaped
2027-11-02,85.1615,40.5603,82.981,shaped
2027-11-03,85.1696,40.5603,82.981,shaped
2027-11-04,85.1778,40.5603,82.981,shaped
2027-11-05,85.1859,40.5603,82.981,shaped
2027-11-06,85.194,40.5603,45.8716,shaped
2027-11-07,85.2021,40.5603,45.8716,shaped
2027-11-08,85.2102,40.5603,86.5052,shaped
2027-11-09,85.2183,40.5603,86.5052,shaped
2027-11-10,85.2264,40.5603,86.5052,shaped
2027-11-11,85.2345,40.5603,86.5052,shaped
2027-11-12,85.2426,40.5603,86.5052,shaped
2027-11-13,85.2507,40.5603,61.2546,shaped
2027-11-14,85.2588,40.5603,61.2546,shaped
2027-11-15,85.267,40.5603,77.5038,shaped
2027-11-16,85.2751,40.5603,77.5038,shaped
2027-11-17,85.2832,40.5603,77.5038,shaped
2027-11-18,85.2913,40.5603,77.5038,shaped
2027-11-19,85.2994,40.5603,77.5038,shaped
2027-11-20,85.3075,40.5603,60.9535,shaped
2027-11-21,85.3156,40.5603,60.9535,shaped
2027-11-22,85.3237,40.5603,81.6369,shaped
2027-11-23,85.3318,40.5603,81.6369,shaped
2027-11-24,85.3399,40.5603,81.6369,shaped
2027-11-25,85.3481,40.5603,81.6369,shaped
2027-11-26,85.3562,40.5603,81.6369,shaped
2027-11-27,85.3643,40.5603,57.4371,shaped
2027-11-28,85.3724,40.5603,57.4371,shaped
2027-11-29,85.3805,40.5603,81.6369,shaped
2027-11-30,85.3886,40.5603,81.6369,shaped
2027-12-01,85.3967,41.9427,94.5131,shaped
2027-12-02,85.4048,41.9427,94.5131,shaped
2027-12-03,85.4129,41.9427,94.5131,shaped
2027-12-04,85.421,41.9427,66.4963,shaped
2027-12-05,85.4292,41.9427,66.4963,shaped
2027-12-06,85.4373,41.9427,81.609,shaped
2027-12-07,85.4454,41.9427,81.609,shaped
2027-12-08,85.4535,41.9427,81.609,shaped
2027-12-09,85.4616,41.9427,81.609,shaped
2027-12-10,85.4697,41.9427,81.609,shaped
2027-12-11,85.4778,41.9427,61.6573,shaped
2027-12-12,85.4859,41.9427,61.6573,shaped
2027-12-13,85.494,41.9427,74.9711,shaped
2027-12-14,85.5021,41.9427,74.9711,shaped
2027-12-15,85.5102,41.9427,74.9711,shaped
2027-12-16,85.5184,41.9427,74.9711,shaped
2027-12-17,85.5265,41.9427,74.9711,shaped
2027-12-18,85.5346,41.9427,56.766,shaped
2027-12-19,85.5427,41.9427,56.766,shaped
2027-12-20,85.5508,41.9427,91.7231,shaped
2027-12-21,85.5589,41.9427,91.7231,shaped
2027-12-22,85.567,41.9427,91.7231,shaped
2027-12-23,85.5751,41.9427,91.7231,shaped
2027-12-24,85.5832,41.9427,91.7231,shaped
2027-12-25,85.5913,41.9427,74.9971,shaped
2027-12-26,85.5995,41.9427,74.9971,shaped
2027-12-27,85.6076,41.9427,76.6467,shaped
2027-12-28,85.6157,41.9427,76.6467,shaped
2027-12-29,85.6238,41.9427,76.6467,shaped
2027-12-30,85.6319,41.9427,76.6467,shaped
2027-12-31,85.64,41.9427,76.6467,shaped
2028-01-01,85.6485,38.4936,56.3583,shaped
2028-01-02,85.657,38.4936,56.3583,shaped
2028-01-03,85.6655,38.4936,87.2955,shaped
2028-01-04,85.674,38.4936,87.2955,shaped
2028-01-05,85.6825,38.4936,87.2955,shaped
2028-01-06,85.691,38.4936,87.2955,shaped
2028-01-07,85.6995,38.4936,87.2955,shaped
2028-01-08,85.708,38.4936,73.647,shaped
2028-01-09,85.7165,38.4936,73.647,shaped
2028-01-10,85.725,38.4936,88.9651,shaped
2028-01-11,85.7335,38.4936,88.9651,shaped
2028-01-12,85.742,38.4936,88.9651,shaped
2028-01-13,85.7505,38.4936,88.9651,shaped
2028-01-14,85.759,38.4936,88.9651,shaped
2028-01-15,85.7675,38.4936,68.9479,shaped
2028-01-16,85.776,38.4936,68.9479,shaped
2028-01-17,85.7845,38.4936,80.065,shaped
2028-01-18,85.793,38.4936,80.065,shaped
2028-01-19,85.8014,38.4936,80.065,shaped
2028-01-20,85.8099,38.4936,80.065,shaped
2028-01-21,85.8184,38.4936,80.065,shaped
2028-01-22,85.8269,38.4936,69.7451,shaped
2028-01-23,85.8354,38.4936,69.7451,shaped
2028-01-24,85.8439,38.4936,60.7049,shaped
2028-01-25,85.8524,38.4936,60.7049,shaped
2028-01-26,85.8609,38.4936,60.7049,shaped
2028-01-27,85.8694,38.4936,60.7049,shaped
2028-01-28,85.8779,38.4936,60.7049,shaped
2028-01-29,85.8864,38.4936,55.295,shaped
2028-01-30,85.8949,38.4936,55.295,shaped
2028-01-31,85.9034,38.4936,60.7049,shaped
2028-02-01,85.9119,39.6477,73.3658,shaped
2028-02-02,85.9204,39.6477,73.3658,shaped
2028-02-03,85.9289,39.6477,73.3658,shaped
2028-02-04,85.9374,39.6477,73.3658,shaped
2028-02-05,85.9459,39.6477,66.8276,shaped
2028-02-06,85.9544,39.6477,66.8276,shaped
2028-02-07,85.9629,39.6477,88.6438,shaped
2028-02-08,85.9714,39.6477,88.6438,shaped
2028-02-09,85.9799,39.6477,88.6438,shaped
2028-02-10,85.9884,39.6477,88.6438,shaped
2028-02-11,85.9969,39.6477,88.6438,shaped
2028-02-12,86.0054,39.6477,74.0823,shaped
2028-02-13,86.0139,39.6477,74.0823,shaped
2028-02-14,86.0224,39.6477,88.6735,shaped
2028-02-15,86.0309,39.6477,88.6735,shaped
2028-02-16,86.0394,39.6477,88.6735,shaped
2028-02-17,86.0479,39.6477,88.6735,shaped
2028-02-18,86.0564,39.6477,88.6735,shaped
2028-02-19,86.0649,39.6477,59.7565,shaped
2028-02-20,86.0734,39.6477,59.7565,shaped
2028-02-21,86.0819,39.6477,59.2093,shaped
2028-02-22,86.0904,39.6477,59.2093,shaped
2028-02-23,86.0989,39.6477,59.2093,shaped
2028-02-24,86.1073,39.6477,59.2093,shaped
2028-02-25,86.1158,39.6477,59.2093,shaped
2028-02-26,86.1243,39.6477,49.5224,shaped
2028-02-27,86.1328,39.6477,49.5224,shaped
2028-02-28,86.1413,39.6477,69.8175,shaped
2028-02-29,86.1498,39.6477,69.8175,shaped
2028-03-01,86.1583,38.586,72.0722,shaped
2028-03-02,86.1668,38.586,72.0722,shaped
2028-03-03,86.1753,38.586,72.0722,shaped
2028-03-04,86.1838,38.586,52.3596,shaped
2028-03-05,86.1923,38.586,52.3596,shaped
2028-03-06,86.2008,38.586,64.7172,shaped
2028-03-07,86.2093,38.586,64.7172,shaped
2028-03-08,86.2178,38.586,64.7172,shaped
2028-03-09,86.2263,38.586,64.7172,shaped
2028-03-10,86.2348,38.586,64.7172,shaped
2028-03-11,86.2433,38.586,50.8888,shaped
2028-03-12,86.2518,38.586,50.8888,shaped
2028-03-13,86.2603,38.586,64.2218,shaped
2028-03-14,86.2688,38.586,64.2218,shaped
2028-03-15,86.2773,38.586,64.2218,shaped
2028-03-16,86.2858,38.586,64.2218,shaped
2028-03-17,86.2943,38.586,64.2218,shaped
2028-03-18,86.3028,38.586,48.0017,shaped
2028-03-19,86.3113,38.586,48.0017,shaped
2028-03-20,86.3198,38.586,60.3572,shaped
2028-03-21,86.3283,38.586,60.3572,shaped
2028-03-22,86.3368,38.586,60.3572,shaped
2028-03-23,86.3453,38.586,60.3572,shaped
2028-03-24,86.3538,38.586,60.3572,shaped
2028-03-25,86.3623,38.586,38.602,shaped
2028-03-26,86.3708,38.586,38.602,shaped
2028-03-27,86.3793,38.586,47.5868,shaped
2028-03-28,86.3878,38.586,47.5868,shaped
2028-03-29,86.3963,38.586,47.5868,shaped
2028-03-30,86.4048,38.586,47.5868,shaped
2028-03-31,86.4133,38.586,47.5868,shaped
2028-04-01,86.4217,27.6464,30.1963,shaped
2028-04-02,86.4302,27.6464,30.1963,shaped
2028-04-03,86.4387,27.6464,35.3743,shaped
2028-04-04,86.4472,27.6464,35.3743,shaped
2028-04-05,86.4557,27.6464,35.3743,shaped
2028-04-06,86.4642,27.6464,35.3743,shaped
2028-04-07,86.4727,27.6464,35.3743,shaped
2028-04-08,86.4812,27.6464,27.0777,shaped
2028-04-09,86.4897,27.6464,27.0777,shaped
2028-04-10,86.4982,27.6464,39.0826,shaped
2028-04-11,86.5067,27.6464,39.0826,shaped
2028-04-12,86.5152,27.6464,39.0826,shaped
2028-04-13,86.5237,27.6464,39.0826,shaped
2028-04-14,86.5322,27.6464,39.0826,shaped
2028-04-15,86.5407,27.6464,23.6677,shaped
2028-04-16,86.5492,27.6464,23.6677,shaped
2028-04-17,86.5577,27.6464,38.7952,shaped
2028-04-18,86.5662,27.6464,38.7952,shaped
2028-04-19,86.5747,27.6464,38.7952,shaped
2028-04-20,86.5832,27.6464,38.7952,shaped
2028-04-21,86.5917,27.6464,38.7952,shaped
2028-04-22,86.6002,27.6464,23.1957,shaped
2028-04-23,86.6087,27.6464,23.1957,shaped
2028-04-24,86.6172,27.6464,28.1159,shaped
2028-04-25,86.6257,27.6464,28.1159,shaped
2028-04-26,86.6342,27.6464,28.1159,shaped
2028-04-27,86.6427,27.6464,28.1159,shaped
2028-04-28,86.6512,27.6464,28.1159,shaped
2028-04-29,86.6597,27.6464,23.4335,shaped
2028-04-30,86.6682,27.6464,23.4335,shaped
2028-05-01,86.6767,27.6256,42.5473,shaped
2028-05-02,86.6852,27.6256,42.5473,shaped
2028-05-03,86.6937,27.6256,42.5473,shaped
2028-05-04,86.7022,27.6256,42.5473,shaped
2028-05-05,86.7107,27.6256,42.5473,shaped
2028-05-06,86.7192,27.6256,28.2275,shaped
2028-05-07,86.7277,27.6256,28.2275,shaped
2028-05-08,86.7361,27.6256,31.5072,shaped
2028-05-09,86.7446,27.6256,31.5072,shaped
2028-05-10,86.7531,27.6256,31.5072,shaped
2028-05-11,86.7616,27.6256,31.5072,shaped
2028-05-12,86.7701,27.6256,31.5072,shaped
2028-05-13,86.7786,27.6256,18.8046,shaped
2028-05-14,86.7871,27.6256,18.8046,shaped
2028-05-15,86.7956,27.6256,41.4374,shaped
2028-05-16,86.8041,27.6256,41.4374,shaped
2028-05-17,86.8126,27.6256,41.4374,shaped
2028-05-18,86.8211,27.6256,41.4374,shaped
2028-05-19,86.8296,27.6256,41.4374,shaped
2028-05-20,86.8381,27.6256,28.0266,shaped
2028-05-21,86.8466,27.6256,28.0266,shaped
2028-05-22,86.8551,27.6256,38.1137,shaped
2028-05-23,86.8636,27.6256,38.1137,shaped
2028-05-24,86.8721,27.6256,38.1137,shaped
2028-05-25,86.8806,27.6256,38.1137,shaped
2028-05-26,86.8891,27.6256,38.1137,shaped
2028-05-27,86.8976,27.6256,26.0355,shaped
2028-05-28,86.9061,27.6256,26.0355,shaped
2028-05-29,86.9146,27.6256,38.1137,shaped
2028-05-30,86.9231,27.6256,38.1137,shaped
2028-05-31,86.9316,27.6256,38.1137,shaped
2028-06-01,86.9401,28.6737,40.9465,shaped
2028-06-02,86.9486,28.6737,40.9465,shaped
2028-06-03,86.9571,28.6737,27.9706,shaped
2028-06-04,86.9656,28.6737,27.9706,shaped
2028-06-05,86.9741,28.6737,41.2209,shaped
2028-06-06,86.9826,28.6737,41.2209,shaped
2028-06-07,86.9911,28.6737,41.2209,shaped
2028-06-08,86.9996,28.6737,41.2209,shaped
2028-06-09,87.0081,28.6737,41.2209,shaped
2028-06-10,87.0166,28.6737,24.095,shaped
2028-06-11,87.0251,28.6737,24.095,shaped
2028-06-12,87.0336,28.6737,49.8237,shaped
2028-06-13,87.042,28.6737,49.8237,shaped
2028-06-14,87.0505,28.6737,49.8237,shaped
2028-06-15,87.059,28.6737,49.8237,shaped
2028-06-16,87.0675,28.6737,49.8237,shaped
2028-06-17,87.076,28.6737,28.5732,shaped
2028-06-18,87.0845,28.6737,28.5732,shaped
2028-06-19,87.093,28.6737,68.6094,shaped
2028-06-20,87.1015,28.6737,68.6094,shaped
2028-06-21,87.11,28.6737,68.6094,shaped
2028-06-22,87.1185,28.6737,68.6094,shaped
2028-06-23,87.127,28.6737,68.6094,shaped
2028-06-24,87.1355,28.6737,43.6799,shaped
2028-06-25,87.144,28.6737,43.6799,shaped
2028-06-26,87.1525,28.6737,78.3723,shaped
2028-06-27,87.161,28.6737,78.3723,shaped
2028-06-28,87.1695,28.6737,78.3723,shaped
2028-06-29,87.178,28.6737,78.3723,shaped
2028-06-30,87.1865,28.6737,78.3723,shaped
2028-07-01,87.195,29.0398,46.0403,shaped
2028-07-02,87.2035,29.0398,46.0403,shaped
2028-07-03,87.212,29.0398,58.3317,shaped
2028-07-04,87.2205,29.0398,58.3317,shaped
2028-07-05,87.229,29.0398,58.3317,shaped
2028-07-06,87.2375,29.0398,58.3317,shaped
2028-07-07,87.246,29.0398,58.3317,shaped
2028-07-08,87.2545,29.0398,45.2308,shaped
2028-07-09,87.263,29.0398,45.2308,shaped
2028-07-10,87.2715,29.0398,66.3406,shaped
2028-07-11,87.28,29.0398,66.3406,shaped
2028-07-12,87.2885,29.0398,66.3406,shaped
2028-07-13,87.297,29.0398,66.3406,shaped
2028-07-14,87.3055,29.0398,66.3406,shaped
2028-07-15,87.314,29.0398,43.5518,shaped
2028-07-16,87.3225,29.0398,43.5518,shaped
2028-07-17,87.331,29.0398,69.9758,shaped
2028-07-18,87.3395,29.0398,69.9758,shaped
2028-07-19,87.348,29.0398,69.9758,shaped
2028-07-20,87.3564,29.0398,69.9758,shaped
2028-07-21,87.3649,29.0398,69.9758,shaped
2028-07-22,87.3734,29.0398,48.7252,shaped
2028-07-23,87.3819,29.0398,48.7252,shaped
2028-07-24,87.3904,29.0398,59.7027,shaped
2028-07-25,87.3989,29.0398,59.7027,shaped
2028-07-26,87.4074,29.0398,59.7027,shaped
2028-07-27,87.4159,29.0398,59.7027,shaped
2028-07-28,87.4244,29.0398,59.7027,shaped
2028-07-29,87.4329,29.0398,43.5194,shaped
2028-07-30,87.4414,29.0398,43.5194,shaped
2028-07-31,87.4499,29.0398,64.8338,shaped
2028-08-01,87.4584,29.6141,66.2148,shaped
2028-08-02,87.4669,29.6141,66.2148,shaped
2028-08-03,87.4754,29.6141,66.2148,shaped
2028-08-04,87.4839,29.6141,66.2148,shaped
2028-08-05,87.4924,29.6141,39.2858,shaped
2028-08-06,87.5009,29.6141,39.2858,shaped
2028-08-07,87.5094,29.6141,65.1693,shaped
2028-08-08,87.5179,29.6141,65.1693,shaped
2028-08-09,87.5264,29.6141,65.1693,shaped
2028-08-10,87.5349,29.6141,65.1693,shaped
2028-08-11,87.5434,29.6141,65.1693,shaped
2028-08-12,87.5519,29.6141,47.6761,shaped
2028-08-13,87.5604,29.6141,47.6761,shaped
2028-08-14,87.5689,29.6141,65.1616,shaped
2028-08-15,87.5774,29.6141,65.1616,shaped
2028-08-16,87.5859,29.6141,65.1616,shaped
2028-08-17,87.5944,29.6141,65.1616,shaped
2028-08-18,87.6029,29.6141,65.1616,shaped
2028-08-19,87.6114,29.6141,50.6171,shaped
2028-08-20,87.6199,29.6141,50.6171,shaped
2028-08-21,87.6284,29.6141,65.2567,shaped
2028-08-22,87.6369,29.6141,65.2567,shaped
2028-08-23,87.6454,29.6141,65.2567,shaped
2028-08-24,87.6539,29.6141,65.2567,shaped
2028-08-25,87.6623,29.6141,65.2567,shaped
2028-08-26,87.6708,29.6141,41.932,shaped
2028-08-27,87.6793,29.6141,41.932,shaped
2028-08-28,87.6878,29.6141,63.7513,shaped
2028-08-29,87.6963,29.6141,63.7513,shaped
2028-08-30,87.7048,29.6141,63.7513,shaped
2028-08-31,87.7133,29.6141,63.7513,shaped
2028-09-01,87.7218,30.6076,66.9852,shaped
2028-09-02,87.7303,30.6076,42.0313,shaped
2028-09-03,87.7388,30.6076,42.0313,shaped
2028-09-04,87.7473,30.6076,72.7708,shaped
2028-09-05,87.7558,30.6076,72.7708,shaped
2028-09-06,87.7643,30.6076,72.7708,shaped
2028-09-07,87.7728,30.6076,72.7708,shaped
2028-09-08,87.7813,30.6076,72.7708,shaped
2028-09-09,87.7898,30.6076,44.4327,shaped
2028-09-10,87.7983,30.6076,44.4327,shaped
2028-09-11,87.8068,30.6076,69.3473,shaped
2028-09-12,87.8153,30.6076,69.3473,shaped
2028-09-13,87.8238,30.6076,69.3473,shaped
2028-09-14,87.8323,30.6076,69.3473,shaped
2028-09-15,87.8408,30.6076,69.3473,shaped
2028-09-16,87.8493,30.6076,44.608,shaped
2028-09-17,87.8578,30.6076,44.608,shaped
2028-09-18,87.8663,30.6076,70.8072,shaped
2028-09-19,87.8748,30.6076,70.8072,shaped
2028-09-20,87.8833,30.6076,70.8072,shaped
2028-09-21,87.8918,30.6076,70.8072,shaped
2028-09-22,87.9003,30.6076,70.8072,shaped
2028-09-23,87.9088,30.6076,50.1284,shaped
2028-09-24,87.9173,30.6076,50.1284,shaped
2028-09-25,87.9258,30.6076,68.9527,shaped
2028-09-26,87.9343,30.6076,68.9527,shaped
2028-09-27,87.9428,30.6076,68.9527,shaped
2028-09-28,87.9513,30.6076,68.9527,shaped
2028-09-29,87.9598,30.6076,68.9527,shaped
2028-09-30,87.9683,30.6076,50.2369,shaped
2028-10-01,87.9767,28.2809,49.6608,shaped
2028-10-02,87.9852,28.2809,67.3279,shaped
2028-10-03,87.9937,28.2809,67.3279,shaped
2028-10-04,88.0022,28.2809,67.3279,shaped
2028-10-05,88.0107,28.2809,67.3279,shaped
2028-10-06,88.0192,28.2809,67.3279,shaped
2028-10-07,88.0277,28.2809,47.0454,shaped
2028-10-08,88.0362,28.2809,47.0454,shaped
2028-10-09,88.0447,28.2809,78.912,shaped
2028-10-10,88.0532,28.2809,78.912,shaped
2028-10-11,88.0617,28.2809,78.912,shaped
2028-10-12,88.0702,28.2809,78.912,shaped
2028-10-13,88.0787,28.2809,78.912,shaped
2028-10-14,88.0872,28.2809,55.6991,shaped
2028-10-15,88.0957,28.2809,55.6991,shaped
2028-10-16,88.1042,28.2809,68.1194,shaped
2028-10-17,88.1127,28.2809,68.1194,shaped
2028-10-18,88.1212,28.2809,68.1194,shaped
2028-10-19,88.1297,28.2809,68.1194,shaped
2028-10-20,88.1382,28.2809,68.1194,shaped
2028-10-21,88.1467,28.2809,49.6647,shaped
2028-10-22,88.1552,28.2809,49.6647,shaped
2028-10-23,88.1637,28.2809,72.2563,shaped
2028-10-24,88.1722,28.2809,72.2563,shaped
2028-10-25,88.1807,28.2809,72.2563,shaped
2028-10-26,88.1892,28.2809,72.2563,shaped
2028-10-27,88.1977,28.2809,72.2563,shaped
2028-10-28,88.2062,28.2809,48.3666,shaped
2028-10-29,88.2147,28.2809,48.3666,shaped
2028-10-30,88.2232,28.2809,38.4196,shaped
2028-10-31,88.2317,28.2809,38.4196,shaped
2028-11-01,88.2402,29.8588,38.1387,shaped
2028-11-02,88.2487,29.8588,38.1387,shaped
2028-11-03,88.2572,29.8588,38.1387,shaped
2028-11-04,88.2657,29.8588,25.6428,shaped
2028-11-05,88.2742,29.8588,25.6428,shaped
2028-11-06,88.2827,29.8588,81.459,shaped
2028-11-07,88.2911,29.8588,81.459,shaped
2028-11-08,88.2996,29.8588,81.459,shaped
2028-11-09,88.3081,29.8588,81.459,shaped
2028-11-10,88.3166,29.8588,81.459,shaped
2028-11-11,88.3251,29.8588,45.0302,shaped
2028-11-12,88.3336,29.8588,45.0302,shaped
2028-11-13,88.3421,29.8588,84.9186,shaped
2028-11-14,88.3506,29.8588,84.9186,shaped
2028-11-15,88.3591,29.8588,84.9186,shaped
2028-11-16,88.3676,29.8588,84.9186,shaped
2028-11-17,88.3761,29.8588,84.9186,shaped
2028-11-18,88.3846,29.8588,60.1311,shaped
2028-11-19,88.3931,29.8588,60.1311,shaped
2028-11-20,88.4016,29.8588,76.0822,shaped
2028-11-21,88.4101,29.8588,76.0822,shaped
2028-11-22,88.4186,29.8588,76.0822,shaped
2028-11-23,88.4271,29.8588,76.0822,shaped
2028-11-24,88.4356,29.8588,76.0822,shaped
2028-11-25,88.4441,29.8588,59.8355,shaped
2028-11-26,88.4526,29.8588,59.8355,shaped
2028-11-27,88.4611,29.8588,80.1396,shaped
2028-11-28,88.4696,29.8588,80.1396,shaped
2028-11-29,88.4781,29.8588,80.1396,shaped
2028-11-30,88.4866,29.8588,80.1396,shaped
2028-12-01,88.4951,30.8765,98.3269,shaped
2028-12-02,88.5036,30.8765,69.1797,shaped
2028-12-03,88.5121,30.8765,69.1797,shaped
2028-12-04,88.5206,30.8765,74.0098,shaped
2028-12-05,88.5291,30.8765,74.0098,shaped
2028-12-06,88.5376,30.8765,74.0098,shaped
2028-12-07,88.5461,30.8765,74.0098,shaped
2028-12-08,88.5546,30.8765,74.0098,shaped
2028-12-09,88.5631,30.8765,55.916,shaped
2028-12-10,88.5716,30.8765,55.916,shaped
2028-12-11,88.5801,30.8765,67.99,shaped
2028-12-12,88.5886,30.8765,67.99,shaped
2028-12-13,88.597,30.8765,67.99,shaped
2028-12-14,88.6055,30.8765,67.99,shaped
2028-12-15,88.614,30.8765,67.99,shaped
2028-12-16,88.6225,30.8765,51.4801,shaped
2028-12-17,88.631,30.8765,51.4801,shaped
2028-12-18,88.6395,30.8765,83.1821,shaped
2028-12-19,88.648,30.8765,83.1821,shaped
2028-12-20,88.6565,30.8765,83.1821,shaped
2028-12-21,88.665,30.8765,83.1821,shaped
2028-12-22,88.6735,30.8765,83.1821,shaped
2028-12-23,88.682,30.8765,68.0136,shaped
2028-12-24,88.6905,30.8765,68.0136,shaped
2028-12-25,88.699,30.8765,69.5096,shaped
2028-12-26,88.7075,30.8765,69.5096,shaped
2028-12-27,88.716,30.8765,69.5096,shaped
2028-12-28,88.7245,30.8765,69.5096,shaped
2028-12-29,88.733,30.8765,69.5096,shaped
2028-12-30,88.7415,30.8765,60.4817,shaped
2028-12-31,88.75,30.8765,60.4817,shaped
2029-01-01,88.7592,25.3363,68.1222,shaped
2029-01-02,88.7683,25.3363,68.1222,shaped
2029-01-03,88.7775,25.3363,68.1222,shaped
2029-01-04,88.7866,25.3363,68.1222,shaped
2029-01-05,88.7958,25.3363,68.1222,shaped
2029-01-06,88.8049,25.3363,57.4714,shaped
2029-01-07,88.8141,25.3363,57.4714,shaped
2029-01-08,88.8232,25.3363,69.4251,shaped
2029-01-09,88.8324,25.3363,69.4251,shaped
2029-01-10,88.8415,25.3363,69.4251,shaped
2029-01-11,88.8507,25.3363,69.4251,shaped
2029-01-12,88.8598,25.3363,69.4251,shaped
2029-01-13,88.869,25.3363,53.8045,shaped
2029-01-14,88.8781,25.3363,53.8045,shaped
2029-01-15,88.8873,25.3363,62.4799,shaped
2029-01-16,88.8964,25.3363,62.4799,shaped
2029-01-17,88.9056,25.3363,62.4799,shaped
2029-01-18,88.9147,25.3363,62.4799,shaped
2029-01-19,88.9239,25.3363,62.4799,shaped
2029-01-20,88.933,25.3363,54.4266,shaped
2029-01-21,88.9422,25.3363,54.4266,shaped
2029-01-22,88.9513,25.3363,47.3719,shaped
2029-01-23,88.9605,25.3363,47.3719,shaped
2029-01-24,88.9696,25.3363,47.3719,shaped
2029-01-25,88.9788,25.3363,47.3719,shaped
2029-01-26,88.9879,25.3363,47.3719,shaped
2029-01-27,88.9971,25.3363,43.1502,shaped
2029-01-28,89.0062,25.3363,43.1502,shaped
2029-01-29,89.0154,25.3363,47.3719,shaped
2029-01-30,89.0245,25.3363,47.3719,shaped
2029-01-31,89.0337,25.3363,47.3719,shaped
2029-02-01,89.0428,26.096,57.5801,shaped
2029-02-02,89.052,26.096,57.5801,shaped
2029-02-03,89.0611,26.096,52.4487,shaped
2029-02-04,89.0703,26.096,52.4487,shaped
2029-02-05,89.0794,26.096,69.5709,shaped
2029-02-06,89.0886,26.096,69.5709,shaped
2029-02-07,89.0977,26.096,69.5709,shaped
2029-02-08,89.1069,26.096,69.5709,shaped
2029-02-09,89.116,26.096,69.5709,shaped
2029-02-10,89.1252,26.096,58.1425,shaped
2029-02-11,89.1343,26.096,58.1425,shaped
2029-02-12,89.1435,26.096,69.5942,shaped
2029-02-13,89.1526,26.096,69.5942,shaped
2029-02-14,89.1618,26.096,69.5942,shaped
2029-02-15,89.1709,26.096,69.5942,shaped
2029-02-16,89.1801,26.096,69.5942,shaped
2029-02-17,89.1892,26.096,46.8991,shaped
2029-02-18,89.1984,26.096,46.8991,shaped
2029-02-19,89.2075,26.096,46.4696,shaped
2029-02-20,89.2167,26.096,46.4696,shaped
2029-02-21,89.2258,26.096,46.4696,shaped
2029-02-22,89.235,26.096,46.4696,shaped
2029-02-23,89.2441,26.096,46.4696,shaped
2029-02-24,89.2533,26.096,38.867,shaped
2029-02-25,89.2624,26.096,38.867,shaped
2029-02-26,89.2716,26.096,54.7954,shaped
2029-02-27,89.2807,26.096,54.7954,shaped
2029-02-28,89.2899,26.096,54.7954,shaped
2029-03-01,89.299,25.3972,43.7267,shaped
2029-03-02,89.3082,25.3972,43.7267,shaped
2029-03-03,89.3173,25.3972,31.767,shaped
2029-03-04,89.3265,25.3972,31.767,shaped
2029-03-05,89.3356,25.3972,53.8856,shaped
2029-03-06,89.3448,25.3972,53.8856,shaped
2029-03-07,89.3539,25.3972,53.8856,shaped
2029-03-08,89.3631,25.3972,53.8856,shaped
2029-03-09,89.3722,25.3972,53.8856,shaped
2029-03-10,89.3814,25.3972,42.3716,shaped
2029-03-11,89.3905,25.3972,42.3716,shaped
2029-03-12,89.3997,25.3972,53.4732,shaped
2029-03-13,89.4088,25.3972,53.4732,shaped
2029-03-14,89.418,25.3972,53.4732,shaped
2029-03-15,89.4272,25.3972,53.4732,shaped
2029-03-16,89.4363,25.3972,53.4732,shaped
2029-03-17,89.4455,25.3972,39.9678,shaped
2029-03-18,89.4546,25.3972,39.9678,shaped
2029-03-19,89.4638,25.3972,50.2554,shaped
2029-03-20,89.4729,25.3972,50.2554,shaped
2029-03-21,89.4821,25.3972,50.2554,shaped
2029-03-22,89.4912,25.3972,50.2554,shaped
2029-03-23,89.5004,25.3972,50.2554,shaped
2029-03-24,89.5095,25.3972,32.1413,shaped
2029-03-25,89.5187,25.3972,32.1413,shaped
2029-03-26,89.5278,25.3972,39.6223,shaped
2029-03-27,89.537,25.3972,39.6223,shaped
2029-03-28,89.5461,25.3972,39.6223,shaped
2029-03-29,89.5553,25.3972,39.6223,shaped
2029-03-30,89.5644,25.3972,39.6223,shaped
2029-03-31,89.5736,25.3972,28.4442,shaped
2029-04-01,89.5827,24.8177,32.5318,shaped
2029-04-02,89.5919,24.8177,38.1103,shaped
2029-04-03,89.601,24.8177,38.1103,shaped
2029-04-04,89.6102,24.8177,38.1103,shaped
2029-04-05,89.6193,24.8177,38.1103,shaped
2029-04-06,89.6285,24.8177,38.1103,shaped
2029-04-07,89.6376,24.8177,29.1719,shaped
2029-04-08,89.6468,24.8177,29.1719,shaped
2029-04-09,89.6559,24.8177,42.1053,shaped
2029-04-10,89.6651,24.8177,42.1053,shaped
2029-04-11,89.6742,24.8177,42.1053,shaped
2029-04-12,89.6834,24.8177,42.1053,shaped
2029-04-13,89.6925,24.8177,42.1053,shaped
2029-04-14,89.7017,24.8177,25.4982,shaped
2029-04-15,89.7108,24.8177,25.4982,shaped
2029-04-16,89.72,24.8177,41.7957,shaped
2029-04-17,89.7291,24.8177,41.7957,shaped
2029-04-18,89.7383,24.8177,41.7957,shaped
2029-04-19,89.7474,24.8177,41.7957,shaped
2029-04-20,89.7566,24.8177,41.7957,shaped
2029-04-21,89.7657,24.8177,24.9897,shaped
2029-04-22,89.7749,24.8177,24.9897,shaped
2029-04-23,89.784,24.8177,30.2904,shaped
2029-04-24,89.7932,24.8177,30.2904,shaped
2029-04-25,89.8023,24.8177,30.2904,shaped
2029-04-26,89.8115,24.8177,30.2904,shaped
2029-04-27,89.8206,24.8177,30.2904,shaped
2029-04-28,89.8298,24.8177,25.2459,shaped
2029-04-29,89.8389,24.8177,25.2459,shaped
2029-04-30,89.8481,24.8177,30.2904,shaped
2029-05-01,89.8572,24.7991,33.3136,shaped
2029-05-02,89.8664,24.7991,33.3136,shaped
2029-05-03,89.8755,24.7991,33.3136,shaped
2029-05-04,89.8847,24.7991,33.3136,shaped
2029-05-05,89.8938,24.7991,27.7656,shaped
2029-05-06,89.903,24.7991,27.7656,shaped
2029-05-07,89.9121,24.7991,47.2417,shaped
2029-05-08,89.9213,24.7991,47.2417,shaped
2029-05-09,89.9304,24.7991,47.2417,shaped
2029-05-10,89.9396,24.7991,47.2417,shaped
2029-05-11,89.9487,24.7991,47.2417,shaped
2029-05-12,89.9579,24.7991,31.3419,shaped
2029-05-13,89.967,24.7991,31.3419,shaped
2029-05-14,89.9762,24.7991,34.9834,shaped
2029-05-15,89.9853,24.7991,34.9834,shaped
2029-05-16,89.9945,24.7991,34.9834,shaped
2029-05-17,90.0036,24.7991,34.9834,shaped
2029-05-18,90.0128,24.7991,34.9834,shaped
2029-05-19,90.0219,24.7991,20.8794,shaped
2029-05-20,90.0311,24.7991,20.8794,shaped
2029-05-21,90.0402,24.7991,46.0092,shaped
2029-05-22,90.0494,24.7991,46.0092,shaped
2029-05-23,90.0585,24.7991,46.0092,shaped
2029-05-24,90.0677,24.7991,46.0092,shaped
2029-05-25,90.0768,24.7991,46.0092,shaped
2029-05-26,90.086,24.7991,31.1188,shaped
2029-05-27,90.0952,24.7991,31.1188,shaped
2029-05-28,90.1043,24.7991,42.3188,shaped
2029-05-29,90.1135,24.7991,42.3188,shaped
2029-05-30,90.1226,24.7991,42.3188,shaped
2029-05-31,90.1318,24.7991,42.3188,shaped
2029-06-01,90.1409,25.7399,47.2304,shaped
2029-06-02,90.1501,25.7399,32.2631,shaped
2029-06-03,90.1592,25.7399,32.2631,shaped
2029-06-04,90.1684,25.7399,43.6651,shaped
2029-06-05,90.1775,25.7399,43.6651,shaped
2029-06-06,90.1867,25.7399,43.6651,shaped
2029-06-07,90.1958,25.7399,43.6651,shaped
2029-06-08,90.205,25.7399,43.6651,shaped
2029-06-09,90.2141,25.7399,25.5238,shaped
2029-06-10,90.2233,25.7399,25.5238,shaped
2029-06-11,90.2324,25.7399,52.7781,shaped
2029-06-12,90.2416,25.7399,52.7781,shaped
2029-06-13,90.2507,25.7399,52.7781,shaped
2029-06-14,90.2599,25.7399,52.7781,shaped
2029-06-15,90.269,25.7399,52.7781,shaped
2029-06-16,90.2782,25.7399,30.2676,shaped
2029-06-17,90.2873,25.7399,30.2676,shaped
2029-06-18,90.2965,25.7399,72.6778,shaped
2029-06-19,90.3056,25.7399,72.6778,shaped
2029-06-20,90.3148,25.7399,72.6778,shaped
2029-06-21,90.3239,25.7399,72.6778,shaped
2029-06-22,90.3331,25.7399,72.6778,shaped
2029-06-23,90.3422,25.7399,46.27,shaped
2029-06-24,90.3514,25.7399,46.27,shaped
2029-06-25,90.3605,25.7399,83.0195,shaped
2029-06-26,90.3697,25.7399,83.0195,shaped
2029-06-27,90.3788,25.7399,83.0195,shaped
2029-06-28,90.388,25.7399,83.0195,shaped
2029-06-29,90.3971,25.7399,83.0195,shaped
2029-06-30,90.4063,25.7399,58.1487,shaped
2029-07-01,90.4154,25.6655,44.9812,shaped
2029-07-02,90.4246,25.6655,56.9898,shaped
2029-07-03,90.4337,25.6655,56.9898,shaped
2029-07-04,90.4429,25.6655,56.9898,shaped
2029-07-05,90.452,25.6655,56.9898,shaped
2029-07-06,90.4612,25.6655,56.9898,shaped
2029-07-07,90.4703,25.6655,44.1902,shaped
2029-07-08,90.4795,25.6655,44.1902,shaped
2029-07-09,90.4886,25.6655,64.8144,shaped
2029-07-10,90.4978,25.6655,64.8144,shaped
2029-07-11,90.5069,25.6655,64.8144,shaped
2029-07-12,90.5161,25.6655,64.8144,shaped
2029-07-13,90.5252,25.6655,64.8144,shaped
2029-07-14,90.5344,25.6655,42.5499,shaped
2029-07-15,90.5435,25.6655,42.5499,shaped
2029-07-16,90.5527,25.6655,68.366,shaped
2029-07-17,90.5618,25.6655,68.366,shaped
2029-07-18,90.571,25.6655,68.366,shaped
2029-07-19,90.5801,25.6655,68.366,shaped
2029-07-20,90.5893,25.6655,68.366,shaped
2029-07-21,90.5984,25.6655,47.6043,shaped
2029-07-22,90.6076,25.6655,47.6043,shaped
2029-07-23,90.6167,25.6655,58.3293,shaped
2029-07-24,90.6259,25.6655,58.3293,shaped
2029-07-25,90.635,25.6655,58.3293,shaped
2029-07-26,90.6442,25.6655,58.3293,shaped
2029-07-27,90.6533,25.6655,58.3293,shaped
2029-07-28,90.6625,25.6655,42.5183,shaped
2029-07-29,90.6716,25.6655,42.5183,shaped
2029-07-30,90.6808,25.6655,63.3423,shaped
2029-07-31,90.6899,25.6655,63.3423,shaped
2029-08-01,90.6991,26.1731,65.4573,shaped
2029-08-02,90.7082,26.1731,65.4573,shaped
2029-08-03,90.7174,26.1731,65.4573,shaped
2029-08-04,90.7265,26.1731,38.8364,shaped
2029-08-05,90.7357,26.1731,38.8364,shaped
2029-08-06,90.7448,26.1731,64.4238,shaped
2029-08-07,90.754,26.1731,64.4238,shaped
2029-08-08,90.7632,26.1731,64.4238,shaped
2029-08-09,90.7723,26.1731,64.4238,shaped
2029-08-10,90.7815,26.1731,64.4238,shaped
2029-08-11,90.7906,26.1731,47.1307,shaped
2029-08-12,90.7998,26.1731,47.1307,shaped
2029-08-13,90.8089,26.1731,64.4161,shaped
2029-08-14,90.8181,26.1731,64.4161,shaped
2029-08-15,90.8272,26.1731,64.4161,shaped
2029-08-16,90.8364,26.1731,64.4161,shaped
2029-08-17,90.8455,26.1731,64.4161,shaped
2029-08-18,90.8547,26.1731,50.038,shaped
2029-08-19,90.8638,26.1731,50.038,shaped
2029-08-20,90.873,26.1731,64.5101,shaped
2029-08-21,90.8821,26.1731,64.5101,shaped
2029-08-22,90.8913,26.1731,64.5101,shaped
2029-08-23,90.9004,26.1731,64.5101,shaped
2029-08-24,90.9096,26.1731,64.5101,shaped
2029-08-25,90.9187,26.1731,41.4523,shaped
2029-08-26,90.9279,26.1731,41.4523,shaped
2029-08-27,90.937,26.1731,63.0219,shaped
2029-08-28,90.9462,26.1731,63.0219,shaped
2029-08-29,90.9553,26.1731,63.0219,shaped
2029-08-30,90.9645,26.1731,63.0219,shaped
2029-08-31,90.9736,26.1731,63.0219,shaped
2029-09-01,90.9828,27.0512,45.6373,shaped
2029-09-02,90.9919,27.0512,45.6373,shaped
2029-09-03,91.0011,27.0512,72.1786,shaped
2029-09-04,91.0102,27.0512,72.1786,shaped
2029-09-05,91.0194,27.0512,72.1786,shaped
2029-09-06,91.0285,27.0512,72.1786,shaped
2029-09-07,91.0377,27.0512,72.1786,shaped
2029-09-08,91.0468,27.0512,44.0711,shaped
2029-09-09,91.056,27.0512,44.0711,shaped
2029-09-10,91.0651,27.0512,68.783,shaped
2029-09-11,91.0743,27.0512,68.783,shaped
2029-09-12,91.0834,27.0512,68.783,shaped
2029-09-13,91.0926,27.0512,68.783,shaped
2029-09-14,91.1017,27.0512,68.783,shaped
2029-09-15,91.1109,27.0512,44.245,shaped
2029-09-16,91.12,27.0512,44.245,shaped
2029-09-17,91.1292,27.0512,70.231,shaped
2029-09-18,91.1383,27.0512,70.231,shaped
2029-09-19,91.1475,27.0512,70.231,shaped
2029-09-20,91.1566,27.0512,70.231,shaped
2029-09-21,91.1658,27.0512,70.231,shaped
2029-09-22,91.1749,27.0512,49.7205,shaped
2029-09-23,91.1841,27.0512,49.7205,shaped
2029-09-24,91.1932,27.0512,68.3916,shaped
2029-09-25,91.2024,27.0512,68.3916,shaped
2029-09-26,91.2115,27.0512,68.3916,shaped
2029-09-27,91.2207,27.0512,68.3916,shaped
2029-09-28,91.2298,27.0512,68.3916,shaped
2029-09-29,91.239,27.0512,49.8281,shaped
2029-09-30,91.2481,27.0512,49.8281,shaped
2029-10-01,91.2573,24.9948,61.0692,shaped
2029-10-02,91.2664,24.9948,61.0692,shaped
2029-10-03,91.2756,24.9948,61.0692,shaped
2029-10-04,91.2847,24.9948,61.0692,shaped
2029-10-05,91.2939,24.9948,61.0692,shaped
2029-10-06,91.303,24.9948,42.6721,shaped
2029-10-07,91.3122,24.9948,42.6721,shaped
2029-10-08,91.3213,24.9948,71.5765,shaped
2029-10-09,91.3305,24.9948,71.5765,shaped
2029-10-10,91.3396,24.9948,71.5765,shaped
2029-10-11,91.3488,24.9948,71.5765,shaped
2029-10-12,91.3579,24.9948,71.5765,shaped
2029-10-13,91.3671,24.9948,50.5214,shaped
2029-10-14,91.3762,24.9948,50.5214,shaped
2029-10-15,91.3854,24.9948,61.7872,shaped
2029-10-16,91.3945,24.9948,61.7872,shaped
2029-10-17,91.4037,24.9948,61.7872,shaped
2029-10-18,91.4128,24.9948,61.7872,shaped
2029-10-19,91.422,24.9948,61.7872,shaped
2029-10-20,91.4312,24.9948,45.048,shaped
2029-10-21,91.4403,24.9948,45.048,shaped
2029-10-22,91.4495,24.9948,65.5395,shaped
2029-10-23,91.4586,24.9948,65.5395,shaped
2029-10-24,91.4678,24.9948,65.5395,shaped
2029-10-25,91.4769,24.9948,65.5395,shaped
2029-10-26,91.4861,24.9948,65.5395,shaped
2029-10-27,91.4952,24.9948,43.8705,shaped
2029-10-28,91.5044,24.9948,43.8705,shaped
2029-10-29,91.5135,24.9948,34.8482,shaped
2029-10-30,91.5227,24.9948,34.8482,shaped
2029-10-31,91.5318,24.9948,34.8482,shaped
2029-11-01,91.541,26.3894,33.6974,shaped
2029-11-02,91.5501,26.3894,33.6974,shaped
2029-11-03,91.5593,26.3894,22.6567,shaped
2029-11-04,91.5684,26.3894,22.6567,shaped
2029-11-05,91.5776,26.3894,71.9731,shaped
2029-11-06,91.5867,26.3894,71.9731,shaped
2029-11-07,91.5959,26.3894,71.9731,shaped
2029-11-08,91.605,26.3894,71.9731,shaped
2029-11-09,91.6142,26.3894,71.9731,shaped
2029-11-10,91.6233,26.3894,39.7865,shaped
2029-11-11,91.6325,26.3894,39.7865,shaped
2029-11-12,91.6416,26.3894,75.0298,shaped
2029-11-13,91.6508,26.3894,75.0298,shaped
2029-11-14,91.6599,26.3894,75.0298,shaped
2029-11-15,91.6691,26.3894,75.0298,shaped
2029-11-16,91.6782,26.3894,75.0298,shaped
2029-11-17,91.6874,26.3894,53.1288,shaped
2029-11-18,91.6965,26.3894,53.1288,shaped
2029-11-19,91.7057,26.3894,67.2224,shaped
2029-11-20,91.7148,26.3894,67.2224,shaped
2029-11-21,91.724,26.3894,67.2224,shaped
2029-11-22,91.7331,26.3894,67.2224,shaped
2029-11-23,91.7423,26.3894,67.2224,shaped
2029-11-24,91.7514,26.3894,52.8676,shaped
2029-11-25,91.7606,26.3894,52.8676,shaped
2029-11-26,91.7697,26.3894,70.8073,shaped
2029-11-27,91.7789,26.3894,70.8073,shaped
2029-11-28,91.788,26.3894,70.8073,shaped
2029-11-29,91.7972,26.3894,70.8073,shaped
2029-11-30,91.8063,26.3894,70.8073,shaped
2029-12-01,91.8155,27.2888,61.0683,shaped
2029-12-02,91.8246,27.2888,61.0683,shaped
2029-12-03,91.8338,27.2888,67.937,shaped
2029-12-04,91.8429,27.2888,67.937,shaped
2029-12-05,91.8521,27.2888,67.937,shaped
2029-12-06,91.8612,27.2888,67.937,shaped
2029-12-07,91.8704,27.2888,67.937,shaped
2029-12-08,91.8795,27.2888,51.3278,shaped
2029-12-09,91.8887,27.2888,51.3278,shaped
2029-12-10,91.8978,27.2888,62.4112,shaped
2029-12-11,91.907,27.2888,62.4112,shaped
2029-12-12,91.9161,27.2888,62.4112,shaped
2029-12-13,91.9253,27.2888,62.4112,shaped
2029-12-14,91.9344,27.2888,62.4112,shaped
2029-12-15,91.9436,27.2888,47.256,shaped
2029-12-16,91.9527,27.2888,47.256,shaped
2029-12-17,91.9619,27.2888,76.3567,shaped
2029-12-18,91.971,27.2888,76.3567,shaped
2029-12-19,91.9802,27.2888,76.3567,shaped
2029-12-20,91.9893,27.2888,76.3567,shaped
2029-12-21,91.9985,27.2888,76.3567,shaped
2029-12-22,92.0076,27.2888,62.4328,shaped
2029-12-23,92.0168,27.2888,62.4328,shaped
2029-12-24,92.0259,27.2888,63.8061,shaped
2029-12-25,92.0351,27.2888,63.8061,shaped
2029-12-26,92.0442,27.2888,63.8061,shaped
2029-12-27,92.0534,27.2888,63.8061,shaped
2029-12-28,92.0625,27.2888,63.8061,shaped
2029-12-29,92.0717,27.2888,55.5189,shaped
2029-12-30,92.0808,27.2888,55.5189,shaped
2029-12-31,92.09,27.2888,59.9942,shaped
2030-01-01,92.0999,23.5113,44.6705,shaped
2030-01-02,92.1097,23.5113,44.6705,shaped
2030-01-03,92.1196,23.5113,44.6705,shaped
2030-01-04,92.1295,23.5113,44.6705,shaped
2030-01-05,92.1393,23.5113,38.3551,shaped
2030-01-06,92.1492,23.5113,38.3551,shaped
2030-01-07,92.159,23.5113,64.0304,shaped
2030-01-08,92.1689,23.5113,64.0304,shaped
2030-01-09,92.1788,23.5113,64.0304,shaped
2030-01-10,92.1886,23.5113,64.0304,shaped
2030-01-11,92.1985,23.5113,64.0304,shaped
2030-01-12,92.2084,23.5113,54.0193,shaped
2030-01-13,92.2182,23.5113,54.0193,shaped
2030-01-14,92.2281,23.5113,65.255,shaped
2030-01-15,92.2379,23.5113,65.255,shaped
2030-01-16,92.2478,23.5113,65.255,shaped
2030-01-17,92.2577,23.5113,65.255,shaped
2030-01-18,92.2675,23.5113,65.255,shaped
2030-01-19,92.2774,23.5113,50.5726,shaped
2030-01-20,92.2873,23.5113,50.5726,shaped
2030-01-21,92.2971,23.5113,58.7269,shaped
2030-01-22,92.307,23.5113,58.7269,shaped
2030-01-23,92.3168,23.5113,58.7269,shaped
2030-01-24,92.3267,23.5113,58.7269,shaped
2030-01-25,92.3366,23.5113,58.7269,shaped
2030-01-26,92.3464,23.5113,51.1574,shaped
2030-01-27,92.3563,23.5113,51.1574,shaped
2030-01-28,92.3662,23.5113,44.5265,shaped
2030-01-29,92.376,23.5113,44.5265,shaped
2030-01-30,92.3859,23.5113,44.5265,shaped
2030-01-31,92.3958,23.5113,44.5265,shaped
2030-02-01,92.4056,24.2163,54.0929,shaped
2030-02-02,92.4155,24.2163,49.2722,shaped
2030-02-03,92.4253,24.2163,49.2722,shaped
2030-02-04,92.4352,24.2163,65.3574,shaped
2030-02-05,92.4451,24.2163,65.3574,shaped
2030-02-06,92.4549,24.2163,65.3574,shaped
2030-02-07,92.4648,24.2163,65.3574,shaped
2030-02-08,92.4747,24.2163,65.3574,shaped
2030-02-09,92.4845,24.2163,54.6212,shaped
2030-02-10,92.4944,24.2163,54.6212,shaped
2030-02-11,92.5042,24.2163,65.3793,shaped
2030-02-12,92.5141,24.2163,65.3793,shaped
2030-02-13,92.524,24.2163,65.3793,shaped
2030-02-14,92.5338,24.2163,65.3793,shaped
2030-02-15,92.5437,24.2163,65.3793,shaped
2030-02-16,92.5536,24.2163,44.0587,shaped
2030-02-17,92.5634,24.2163,44.0587,shaped
2030-02-18,92.5733,24.2163,43.6553,shaped
2030-02-19,92.5832,24.2163,43.6553,shaped
2030-02-20,92.593,24.2163,43.6553,shaped
2030-02-21,92.6029,24.2163,43.6553,shaped
2030-02-22,92.6127,24.2163,43.6553,shaped
2030-02-23,92.6226,24.2163,36.5131,shaped
2030-02-24,92.6325,24.2163,36.5131,shaped
2030-02-25,92.6423,24.2163,51.4768,shaped
2030-02-26,92.6522,24.2163,51.4768,shaped
2030-02-27,92.6621,24.2163,51.4768,shaped
2030-02-28,92.6719,24.2163,51.4768,shaped
2030-03-01,92.6818,23.5677,41.4614,shaped
2030-03-02,92.6916,23.5677,30.1212,shaped
2030-03-03,92.7015,23.5677,30.1212,shaped
2030-03-04,92.7114,23.5677,51.094,shaped
2030-03-05,92.7212,23.5677,51.094,shaped
2030-03-06,92.7311,23.5677,51.094,shaped
2030-03-07,92.741,23.5677,51.094,shaped
2030-03-08,92.7508,23.5677,51.094,shaped
2030-03-09,92.7607,23.5677,40.1764,shaped
2030-03-10,92.7705,23.5677,40.1764,shaped
2030-03-11,92.7804,23.5677,50.7029,shaped
2030-03-12,92.7903,23.5677,50.7029,shaped
2030-03-13,92.8001,23.5677,50.7029,shaped
2030-03-14,92.81,23.5677,50.7029,shaped
2030-03-15,92.8199,23.5677,50.7029,shaped
2030-03-16,92.8297,23.5677,37.8971,shaped
2030-03-17,92.8396,23.5677,37.8971,shaped
2030-03-18,92.8495,23.5677,47.6518,shaped
2030-03-19,92.8593,23.5677,47.6518,shaped
2030-03-20,92.8692,23.5677,47.6518,shaped
2030-03-21,92.879,23.5677,47.6518,shaped
2030-03-22,92.8889,23.5677,47.6518,shaped
2030-03-23,92.8988,23.5677,30.4761,shaped
2030-03-24,92.9086,23.5677,30.4761,shaped
2030-03-25,92.9185,23.5677,37.5695,shaped
2030-03-26,92.9284,23.5677,37.5695,shaped
2030-03-27,92.9382,23.5677,37.5695,shaped
2030-03-28,92.9481,23.5677,37.5695,shaped
2030-03-29,92.9579,23.5677,37.5695,shaped
2030-03-30,92.9678,23.5677,26.9706,shaped
2030-03-31,92.9777,23.5677,26.9706,shaped
2030-04-01,92.9875,23.0301,35.8175,shaped
2030-04-02,92.9974,23.0301,35.8175,shaped
2030-04-03,93.0073,23.0301,35.8175,shaped
2030-04-04,93.0171,23.0301,35.8175,shaped
2030-04-05,93.027,23.0301,35.8175,shaped
2030-04-06,93.0368,23.0301,27.4169,shaped
2030-04-07,93.0467,23.0301,27.4169,shaped
2030-04-08,93.0566,23.0301,39.5722,shaped
2030-04-09,93.0664,23.0301,39.5722,shaped
2030-04-10,93.0763,23.0301,39.5722,shaped
2030-04-11,93.0862,23.0301,39.5722,shaped
2030-04-12,93.096,23.0301,39.5722,shaped
2030-04-13,93.1059,23.0301,23.9642,shaped
2030-04-14,93.1158,23.0301,23.9642,shaped
2030-04-15,93.1256,23.0301,39.2812,shaped
2030-04-16,93.1355,23.0301,39.2812,shaped
2030-04-17,93.1453,23.0301,39.2812,shaped
2030-04-18,93.1552,23.0301,39.2812,shaped
2030-04-19,93.1651,23.0301,39.2812,shaped
2030-04-20,93.1749,23.0301,23.4863,shaped
2030-04-21,93.1848,23.0301,23.4863,shaped
2030-04-22,93.1947,23.0301,28.4681,shaped
2030-04-23,93.2045,23.0301,28.4681,shaped
2030-04-24,93.2144,23.0301,28.4681,shaped
2030-04-25,93.2242,23.0301,28.4681,shaped
2030-04-26,93.2341,23.0301,28.4681,shaped
2030-04-27,93.244,23.0301,23.7271,shaped
2030-04-28,93.2538,23.0301,23.7271,shaped
2030-04-29,93.2637,23.0301,28.4681,shaped
2030-04-30,93.2736,23.0301,28.4681,shaped
2030-05-01,93.2834,23.0128,31.0021,shaped
2030-05-02,93.2933,23.0128,31.0021,shaped
2030-05-03,93.3032,23.0128,31.0021,shaped
2030-05-04,93.313,23.0128,25.8391,shaped
2030-05-05,93.3229,23.0128,25.8391,shaped
2030-05-06,93.3327,23.0128,43.9638,shaped
2030-05-07,93.3426,23.0128,43.9638,shaped
2030-05-08,93.3525,23.0128,43.9638,shaped
2030-05-09,93.3623,23.0128,43.9638,shaped
2030-05-10,93.3722,23.0128,43.9638,shaped
2030-05-11,93.3821,23.0128,29.1672,shaped
2030-05-12,93.3919,23.0128,29.1672,shaped
2030-05-13,93.4018,23.0128,32.5561,shaped
2030-05-14,93.4116,23.0128,32.5561,shaped
2030-05-15,93.4215,23.0128,32.5561,shaped
2030-05-16,93.4314,23.0128,32.5561,shaped
2030-05-17,93.4412,23.0128,32.5561,shaped
2030-05-18,93.4511,23.0128,19.4306,shaped
2030-05-19,93.461,23.0128,19.4306,shaped
2030-05-20,93.4708,23.0128,42.8168,shaped
2030-05-21,93.4807,23.0128,42.8168,shaped
2030-05-22,93.4905,23.0128,42.8168,shaped
2030-05-23,93.5004,23.0128,42.8168,shaped
2030-05-24,93.5103,23.0128,42.8168,shaped
2030-05-25,93.5201,23.0128,28.9596,shaped
2030-05-26,93.53,23.0128,28.9596,shaped
2030-05-27,93.5399,23.0128,39.3825,shaped
2030-05-28,93.5497,23.0128,39.3825,shaped
2030-05-29,93.5596,23.0128,39.3825,shaped
2030-05-30,93.5695,23.0128,39.3825,shaped
2030-05-31,93.5793,23.0128,39.3825,shaped
2030-06-01,93.5892,23.8858,30.0557,shaped
2030-06-02,93.599,23.8858,30.0557,shaped
2030-06-03,93.6089,23.8858,40.6776,shaped
2030-06-04,93.6188,23.8858,40.6776,shaped
2030-06-05,93.6286,23.8858,40.6776,shaped
2030-06-06,93.6385,23.8858,40.6776,shaped
2030-06-07,93.6484,23.8858,40.6776,shaped
2030-06-08,93.6582,23.8858,23.7774,shaped
2030-06-09,93.6681,23.8858,23.7774,shaped
2030-06-10,93.6779,23.8858,49.167,shaped
2030-06-11,93.6878,23.8858,49.167,shaped
2030-06-12,93.6977,23.8858,49.167,shaped
2030-06-13,93.7075,23.8858,49.167,shaped
2030-06-14,93.7174,23.8858,49.167,shaped
2030-06-15,93.7273,23.8858,28.1966,shaped
2030-06-16,93.7371,23.8858,28.1966,shaped
2030-06-17,93.747,23.8858,67.7052,shaped
2030-06-18,93.7568,23.8858,67.7052,shaped
2030-06-19,93.7667,23.8858,67.7052,shaped
2030-06-20,93.7766,23.8858,67.7052,shaped
2030-06-21,93.7864,23.8858,67.7052,shaped
2030-06-22,93.7963,23.8858,43.1042,shaped
2030-06-23,93.8062,23.8858,43.1042,shaped
2030-06-24,93.816,23.8858,77.3393,shaped
2030-06-25,93.8259,23.8858,77.3393,shaped
2030-06-26,93.8358,23.8858,77.3393,shaped
2030-06-27,93.8456,23.8858,77.3393,shaped
2030-06-28,93.8555,23.8858,77.3393,shaped
2030-06-29,93.8653,23.8858,54.1701,shaped
2030-06-30,93.8752,23.8858,54.1701,shaped
2030-07-01,93.8851,23.8168,52.8958,shaped
2030-07-02,93.8949,23.8168,52.8958,shaped
2030-07-03,93.9048,23.8168,52.8958,shaped
2030-07-04,93.9147,23.8168,52.8958,shaped
2030-07-05,93.9245,23.8168,52.8958,shaped
2030-07-06,93.9344,23.8168,41.0157,shaped
2030-07-07,93.9442,23.8168,41.0157,shaped
2030-07-08,93.9541,23.8168,60.1583,shaped
2030-07-09,93.964,23.8168,60.1583,shaped
2030-07-10,93.9738,23.8168,60.1583,shaped
2030-07-11,93.9837,23.8168,60.1583,shaped
2030-07-12,93.9936,23.8168,60.1583,shaped
2030-07-13,94.0034,23.8168,39.4932,shaped
2030-07-14,94.0133,23.8168,39.4932,shaped
2030-07-15,94.0232,23.8168,63.4547,shaped
2030-07-16,94.033,23.8168,63.4547,shaped
2030-07-17,94.0429,23.8168,63.4547,shaped
2030-07-18,94.0527,23.8168,63.4547,shaped
2030-07-19,94.0626,23.8168,63.4547,shaped
2030-07-20,94.0725,23.8168,44.1845,shaped
2030-07-21,94.0823,23.8168,44.1845,shaped
2030-07-22,94.0922,23.8168,54.139,shaped
2030-07-23,94.1021,23.8168,54.139,shaped
2030-07-24,94.1119,23.8168,54.139,shaped
2030-07-25,94.1218,23.8168,54.139,shaped
2030-07-26,94.1316,23.8168,54.139,shaped
2030-07-27,94.1415,23.8168,39.4638,shaped
2030-07-28,94.1514,23.8168,39.4638,shaped
2030-07-29,94.1612,23.8168,58.7919,shaped
2030-07-30,94.1711,23.8168,58.7919,shaped
2030-07-31,94.181,23.8168,58.7919,shaped
2030-08-01,94.1908,24.2878,62.2661,shaped
2030-08-02,94.2007,24.2878,62.2661,shaped
2030-08-03,94.2105,24.2878,36.9431,shaped
2030-08-04,94.2204,24.2878,36.9431,shaped
2030-08-05,94.2303,24.2878,61.283,shaped
2030-08-06,94.2401,24.2878,61.283,shaped
2030-08-07,94.25,24.2878,61.283,shaped
2030-08-08,94.2599,24.2878,61.283,shaped
2030-08-09,94.2697,24.2878,61.283,shaped
2030-08-10,94.2796,24.2878,44.833,shaped
2030-08-11,94.2895,24.2878,44.833,shaped
2030-08-12,94.2993,24.2878,61.2757,shaped
2030-08-13,94.3092,24.2878,61.2757,shaped
2030-08-14,94.319,24.2878,61.2757,shaped
2030-08-15,94.3289,24.2878,61.2757,shaped
2030-08-16,94.3388,24.2878,61.2757,shaped
2030-08-17,94.3486,24.2878,47.5986,shaped
2030-08-18,94.3585,24.2878,47.5986,shaped
2030-08-19,94.3684,24.2878,61.3651,shaped
2030-08-20,94.3782,24.2878,61.3651,shaped
2030-08-21,94.3881,24.2878,61.3651,shaped
2030-08-22,94.3979,24.2878,61.3651,shaped
2030-08-23,94.4078,24.2878,61.3651,shaped
2030-08-24,94.4177,24.2878,39.4314,shaped
2030-08-25,94.4275,24.2878,39.4314,shaped
2030-08-26,94.4374,24.2878,59.9495,shaped
2030-08-27,94.4473,24.2878,59.9495,shaped
2030-08-28,94.4571,24.2878,59.9495,shaped
2030-08-29,94.467,24.2878,59.9495,shaped
2030-08-30,94.4768,24.2878,59.9495,shaped
2030-08-31,94.4867,24.2878,37.6167,shaped
2030-09-01,94.4966,25.1026,42.3439,shaped
2030-09-02,94.5064,25.1026,66.9698,shaped
2030-09-03,94.5163,25.1026,66.9698,shaped
2030-09-04,94.5262,25.1026,66.9698,shaped
2030-09-05,94.536,25.1026,66.9698,shaped
2030-09-06,94.5459,25.1026,66.9698,shaped
2030-09-07,94.5558,25.1026,40.8907,shaped
2030-09-08,94.5656,25.1026,40.8907,shaped
2030-09-09,94.5755,25.1026,63.8192,shaped
2030-09-10,94.5853,25.1026,63.8192,shaped
2030-09-11,94.5952,25.1026,63.8192,shaped
2030-09-12,94.6051,25.1026,63.8192,shaped
2030-09-13,94.6149,25.1026,63.8192,shaped
2030-09-14,94.6248,25.1026,41.052,shaped
2030-09-15,94.6347,25.1026,41.052,shaped
2030-09-16,94.6445,25.1026,65.1628,shaped
2030-09-17,94.6544,25.1026,65.1628,shaped
2030-09-18,94.6642,25.1026,65.1628,shaped
2030-09-19,94.6741,25.1026,65.1628,shaped
2030-09-20,94.684,25.1026,65.1628,shaped
2030-09-21,94.6938,25.1026,46.1323,shaped
2030-09-22,94.7037,25.1026,46.1323,shaped
2030-09-23,94.7136,25.1026,63.4561,shaped
2030-09-24,94.7234,25.1026,63.4561,shaped
2030-09-25,94.7333,25.1026,63.4561,shaped
2030-09-26,94.7432,25.1026,63.4561,shaped
2030-09-27,94.753,25.1026,63.4561,shaped
2030-09-28,94.7629,25.1026,46.2322,shaped
2030-09-29,94.7727,25.1026,46.2322,shaped
2030-09-30,94.7826,25.1026,60.9325,shaped
2030-10-01,94.7925,23.1944,53.7168,shaped
2030-10-02,94.8023,23.1944,53.7168,shaped
2030-10-03,94.8122,23.1944,53.7168,shaped
2030-10-04,94.8221,23.1944,53.7168,shaped
2030-10-05,94.8319,23.1944,38.3713,shaped
2030-10-06,94.8418,23.1944,38.3713,shaped
2030-10-07,94.8516,23.1944,55.257,shaped
2030-10-08,94.8615,23.1944,55.257,shaped
2030-10-09,94.8714,23.1944,55.257,shaped
2030-10-10,94.8812,23.1944,55.257,shaped
2030-10-11,94.8911,23.1944,55.257,shaped
2030-10-12,94.901,23.1944,38.6108,shaped
2030-10-13,94.9108,23.1944,38.6108,shaped
2030-10-14,94.9207,23.1944,64.7643,shaped
2030-10-15,94.9305,23.1944,64.7643,shaped
2030-10-16,94.9404,23.1944,64.7643,shaped
2030-10-17,94.9503,23.1944,64.7643,shaped
2030-10-18,94.9601,23.1944,64.7643,shaped
2030-10-19,94.97,23.1944,45.7131,shaped
2030-10-20,94.9799,23.1944,45.7131,shaped
2030-10-21,94.9897,23.1944,55.9067,shaped
2030-10-22,94.9996,23.1944,55.9067,shaped
2030-10-23,95.0095,23.1944,55.9067,shaped
2030-10-24,95.0193,23.1944,55.9067,shaped
2030-10-25,95.0292,23.1944,55.9067,shaped
2030-10-26,95.039,23.1944,40.7606,shaped
2030-10-27,95.0489,23.1944,40.7606,shaped
2030-10-28,95.0588,23.1944,59.3018,shaped
2030-10-29,95.0686,23.1944,59.3018,shaped
2030-10-30,95.0785,23.1944,59.3018,shaped
2030-10-31,95.0884,23.1944,59.3018,shaped
2030-11-01,95.0982,24.4885,56.7848,shaped
2030-11-02,95.1081,24.4885,38.0103,shaped
2030-11-03,95.1179,24.4885,38.0103,shaped
2030-11-04,95.1278,24.4885,64.4886,shaped
2030-11-05,95.1377,24.4885,64.4886,shaped
2030-11-06,95.1475,24.4885,64.4886,shaped
2030-11-07,95.1574,24.4885,64.4886,shaped
2030-11-08,95.1673,24.4885,64.4886,shaped
2030-11-09,95.1771,24.4885,35.6491,shaped
2030-11-10,95.187,24.4885,35.6491,shaped
2030-11-11,95.1968,24.4885,67.2274,shaped
2030-11-12,95.2067,24.4885,67.2274,shaped
2030-11-13,95.2166,24.4885,67.2274,shaped
2030-11-14,95.2264,24.4885,67.2274,shaped
2030-11-15,95.2363,24.4885,67.2274,shaped
2030-11-16,95.2462,24.4885,47.604,shaped
2030-11-17,95.256,24.4885,47.604,shaped
2030-11-18,95.2659,24.4885,60.232,shaped
2030-11-19,95.2758,24.4885,60.232,shaped
2030-11-20,95.2856,24.4885,60.232,shaped
2030-11-21,95.2955,24.4885,60.232,shaped
2030-11-22,95.3053,24.4885,60.232,shaped
2030-11-23,95.3152,24.4885,47.3699,shaped
2030-11-24,95.3251,24.4885,47.3699,shaped
2030-11-25,95.3349,24.4885,63.444,shaped
2030-11-26,95.3448,24.4885,63.444,shaped
2030-11-27,95.3547,24.4885,63.444,shaped
2030-11-28,95.3645,24.4885,63.444,shaped
2030-11-29,95.3744,24.4885,63.444,shaped
2030-11-30,95.3842,24.4885,44.6372,shaped
2030-12-01,95.3941,25.3232,54.8748,shaped
2030-12-02,95.404,25.3232,63.8327,shaped
2030-12-03,95.4138,25.3232,63.8327,shaped
2030-12-04,95.4237,25.3232,63.8327,shaped
2030-12-05,95.4336,25.3232,63.8327,shaped
2030-12-06,95.4434,25.3232,63.8327,shaped
2030-12-07,95.4533,25.3232,48.227,shaped
2030-12-08,95.4632,25.3232,48.227,shaped
2030-12-09,95.473,25.3232,58.6407,shaped
2030-12-10,95.4829,25.3232,58.6407,shaped
2030-12-11,95.4927,25.3232,58.6407,shaped
2030-12-12,95.5026,25.3232,58.6407,shaped
2030-12-13,95.5125,25.3232,58.6407,shaped
2030-12-14,95.5223,25.3232,44.4011,shaped
2030-12-15,95.5322,25.3232,44.4011,shaped
2030-12-16,95.5421,25.3232,71.7437,shaped
2030-12-17,95.5519,25.3232,71.7437,shaped
2030-12-18,95.5618,25.3232,71.7437,shaped
2030-12-19,95.5716,25.3232,71.7437,shaped
2030-12-20,95.5815,25.3232,71.7437,shaped
2030-12-21,95.5914,25.3232,58.661,shaped
2030-12-22,95.6012,25.3232,58.661,shaped
2030-12-23,95.6111,25.3232,59.9514,shaped
2030-12-24,95.621,25.3232,59.9514,shaped
2030-12-25,95.6308,25.3232,59.9514,shaped
2030-12-26,95.6407,25.3232,59.9514,shaped
2030-12-27,95.6505,25.3232,59.9514,shaped
2030-12-28,95.6604,25.3232,52.1649,shaped
2030-12-29,95.6703,25.3232,52.1649,shaped
2030-12-30,95.6801,25.3232,56.3698,shaped
2030-12-31,95.69,25.3232,56.3698,shaped
2031-01-01,95.6999,23.2688,43.8075,shaped
2031-01-02,95.7097,23.2688,43.8075,shaped
2031-01-03,95.7196,23.2688,43.8075,shaped
2031-01-04,95.7295,23.2688,37.6141,shaped
2031-01-05,95.7393,23.2688,37.6141,shaped
2031-01-06,95.7492,23.2688,62.7934,shaped
2031-01-07,95.759,23.2688,62.7934,shaped
2031-01-08,95.7689,23.2688,62.7934,shaped
2031-01-09,95.7788,23.2688,62.7934,shaped
2031-01-10,95.7886,23.2688,62.7934,shaped
2031-01-11,95.7985,23.2688,52.9758,shaped
2031-01-12,95.8084,23.2688,52.9758,shaped
2031-01-13,95.8182,23.2688,63.9944,shaped
2031-01-14,95.8281,23.2688,63.9944,shaped
2031-01-15,95.8379,23.2688,63.9944,shaped
2031-01-16,95.8478,23.2688,63.9944,shaped
2031-01-17,95.8577,23.2688,63.9944,shaped
2031-01-18,95.8675,23.2688,49.5956,shaped
2031-01-19,95.8774,23.2688,49.5956,shaped
2031-01-20,95.8873,23.2688,57.5924,shaped
2031-01-21,95.8971,23.2688,57.5924,shaped
2031-01-22,95.907,23.2688,57.5924,shaped
2031-01-23,95.9168,23.2688,57.5924,shaped
2031-01-24,95.9267,23.2688,57.5924,shaped
2031-01-25,95.9366,23.2688,50.1691,shaped
2031-01-26,95.9464,23.2688,50.1691,shaped
2031-01-27,95.9563,23.2688,43.6663,shaped
2031-01-28,95.9662,23.2688,43.6663,shaped
2031-01-29,95.976,23.2688,43.6663,shaped
2031-01-30,95.9859,23.2688,43.6663,shaped
2031-01-31,95.9958,23.2688,43.6663,shaped
2031-02-01,96.0056,23.9665,48.4006,shaped
2031-02-02,96.0155,23.9665,48.4006,shaped
2031-02-03,96.0253,23.9665,64.2013,shaped
2031-02-04,96.0352,23.9665,64.2013,shaped
2031-02-05,96.0451,23.9665,64.2013,shaped
2031-02-06,96.0549,23.9665,64.2013,shaped
2031-02-07,96.0648,23.9665,64.2013,shaped
2031-02-08,96.0747,23.9665,53.6549,shaped
2031-02-09,96.0845,23.9665,53.6549,shaped
2031-02-10,96.0944,23.9665,64.2228,shaped
2031-02-11,96.1042,23.9665,64.2228,shaped
2031-02-12,96.1141,23.9665,64.2228,shaped
2031-02-13,96.124,23.9665,64.2228,shaped
2031-02-14,96.1338,23.9665,64.2228,shaped
2031-02-15,96.1437,23.9665,43.2793,shaped
2031-02-16,96.1536,23.9665,43.2793,shaped
2031-02-17,96.1634,23.9665,42.883,shaped
2031-02-18,96.1733,23.9665,42.883,shaped
2031-02-19,96.1832,23.9665,42.883,shaped
2031-02-20,96.193,23.9665,42.883,shaped
2031-02-21,96.2029,23.9665,42.883,shaped
2031-02-22,96.2127,23.9665,35.8672,shaped
2031-02-23,96.2226,23.9665,35.8672,shaped
2031-02-24,96.2325,23.9665,50.5661,shaped
2031-02-25,96.2423,23.9665,50.5661,shaped
2031-02-26,96.2522,23.9665,50.5661,shaped
2031-02-27,96.2621,23.9665,50.5661,shaped
2031-02-28,96.2719,23.9665,50.5661,shaped
2031-03-01,96.2818,23.3247,29.8381,shaped
2031-03-02,96.2916,23.3247,29.8381,shaped
2031-03-03,96.3015,23.3247,50.6137,shaped
2031-03-04,96.3114,23.3247,50.6137,shaped
2031-03-05,96.3212,23.3247,50.6137,shaped
2031-03-06,96.3311,23.3247,50.6137,shaped
2031-03-07,96.341,23.3247,50.6137,shaped
2031-03-08,96.3508,23.3247,39.7988,shaped
2031-03-09,96.3607,23.3247,39.7988,shaped
2031-03-10,96.3705,23.3247,50.2263,shaped
2031-03-11,96.3804,23.3247,50.2263,shaped
2031-03-12,96.3903,23.3247,50.2263,shaped
2031-03-13,96.4001,23.3247,50.2263,shaped
2031-03-14,96.41,23.3247,50.2263,shaped
2031-03-15,96.4199,23.3247,37.5409,shaped
2031-03-16,96.4297,23.3247,37.5409,shaped
2031-03-17,96.4396,23.3247,47.2039,shaped
2031-03-18,96.4495,23.3247,47.2039,shaped
2031-03-19,96.4593,23.3247,47.2039,shaped
2031-03-20,96.4692,23.3247,47.2039,shaped
2031-03-21,96.479,23.3247,47.2039,shaped
2031-03-22,96.4889,23.3247,30.1897,shaped
2031-03-23,96.4988,23.3247,30.1897,shaped
2031-03-24,96.5086,23.3247,37.2164,shaped
2031-03-25,96.5185,23.3247,37.2164,shaped
2031-03-26,96.5284,23.3247,37.2164,shaped
2031-03-27,96.5382,23.3247,37.2164,shaped
2031-03-28,96.5481,23.3247,37.2164,shaped
2031-03-29,96.5579,23.3247,26.7171,shaped
2031-03-30,96.5678,23.3247,26.7171,shaped
2031-03-31,96.5777,23.3247,27.9892,shaped
2031-04-01,96.5875,22.7925,31.3736,shaped
2031-04-02,96.5974,22.7925,31.3736,shaped
2031-04-03,96.6073,22.7925,31.3736,shaped
2031-04-04,96.6171,22.7925,31.3736,shaped
2031-04-05,96.627,22.7925,16.7964,shaped
2031-04-06,96.6368,22.7925,16.7964,shaped
2031-04-07,96.6467,22.7925,35.0831,shaped
2031-04-08,96.6566,22.7925,35.0831,shaped
2031-04-09,96.6664,22.7925,35.0831,shaped
2031-04-10,96.6763,22.7925,35.0831,shaped
2031-04-11,96.6862,22.7925,35.0831,shaped
2031-04-12,96.696,22.7925,26.8548,shaped
2031-04-13,96.7059,22.7925,26.8548,shaped
2031-04-14,96.7158,22.7925,38.7608,shaped
2031-04-15,96.7256,22.7925,38.7608,shaped
2031-04-16,96.7355,22.7925,38.7608,shaped
2031-04-17,96.7453,22.7925,38.7608,shaped
2031-04-18,96.7552,22.7925,38.7608,shaped
2031-04-19,96.7651,22.7925,23.4728,shaped
2031-04-20,96.7749,22.7925,23.4728,shaped
2031-04-21,96.7848,22.7925,38.4758,shaped
2031-04-22,96.7947,22.7925,38.4758,shaped
2031-04-23,96.8045,22.7925,38.4758,shaped
2031-04-24,96.8144,22.7925,38.4758,shaped
2031-04-25,96.8242,22.7925,38.4758,shaped
2031-04-26,96.8341,22.7925,23.0047,shaped
2031-04-27,96.844,22.7925,23.0047,shaped
2031-04-28,96.8538,22.7925,27.8844,shaped
2031-04-29,96.8637,22.7925,27.8844,shaped
2031-04-30,96.8736,22.7925,27.8844,shaped
2031-05-01,96.8834,22.7754,30.515,shaped
2031-05-02,96.8933,22.7754,30.515,shaped
2031-05-03,96.9032,22.7754,25.4331,shaped
2031-05-04,96.913,22.7754,25.4331,shaped
2031-05-05,96.9229,22.7754,43.273,shaped
2031-05-06,96.9327,22.7754,43.273,shaped
2031-05-07,96.9426,22.7754,43.273,shaped
2031-05-08,96.9525,22.7754,43.273,shaped
2031-05-09,96.9623,22.7754,43.273,shaped
2031-05-10,96.9722,22.7754,28.709,shaped
2031-05-11,96.9821,22.7754,28.709,shaped
2031-05-12,96.9919,22.7754,32.0446,shaped
2031-05-13,97.0018,22.7754,32.0446,shaped
2031-05-14,97.0116,22.7754,32.0446,shaped
2031-05-15,97.0215,22.7754,32.0446,shaped
2031-05-16,97.0314,22.7754,32.0446,shaped
2031-05-17,97.0412,22.7754,19.1254,shaped
2031-05-18,97.0511,22.7754,19.1254,shaped
2031-05-19,97.061,22.7754,42.1441,shaped
2031-05-20,97.0708,22.7754,42.1441,shaped
2031-05-21,97.0807,22.7754,42.1441,shaped
2031-05-22,97.0905,22.7754,42.1441,shaped
2031-05-23,97.1004,22.7754,42.1441,shaped
2031-05-24,97.1103,22.7754,28.5046,shaped
2031-05-25,97.1201,22.7754,28.5046,shaped
2031-05-26,97.13,22.7754,38.7637,shaped
2031-05-27,97.1399,22.7754,38.7637,shaped
2031-05-28,97.1497,22.7754,38.7637,shaped
2031-05-29,97.1596,22.7754,38.7637,shaped
2031-05-30,97.1695,22.7754,38.7637,shaped
2031-05-31,97.1793,22.7754,26.4796,shaped
2031-06-01,97.1892,23.6395,28.8148,shaped
2031-06-02,97.199,23.6395,38.9981,shaped
2031-06-03,97.2089,23.6395,38.9981,shaped
2031-06-04,97.2188,23.6395,38.9981,shaped
2031-06-05,97.2286,23.6395,38.9981,shaped
2031-06-06,97.2385,23.6395,38.9981,shaped
2031-06-07,97.2484,23.6395,22.7957,shaped
2031-06-08,97.2582,23.6395,22.7957,shaped
2031-06-09,97.2681,23.6395,47.137,shaped
2031-06-10,97.2779,23.6395,47.137,shaped
2031-06-11,97.2878,23.6395,47.137,shaped
2031-06-12,97.2977,23.6395,47.137,shaped
2031-06-13,97.3075,23.6395,47.137,shaped
2031-06-14,97.3174,23.6395,27.0325,shaped
2031-06-15,97.3273,23.6395,27.0325,shaped
2031-06-16,97.3371,23.6395,64.9098,shaped
2031-06-17,97.347,23.6395,64.9098,shaped
2031-06-18,97.3568,23.6395,64.9098,shaped
2031-06-19,97.3667,23.6395,64.9098,shaped
2031-06-20,97.3766,23.6395,64.9098,shaped
2031-06-21,97.3864,23.6395,41.3245,shaped
2031-06-22,97.3963,23.6395,41.3245,shaped
2031-06-23,97.4062,23.6395,74.1462,shaped
2031-06-24,97.416,23.6395,74.1462,shaped
2031-06-25,97.4259,23.6395,74.1462,shaped
2031-06-26,97.4358,23.6395,74.1462,shaped
2031-06-27,97.4456,23.6395,74.1462,shaped
2031-06-28,97.4555,23.6395,51.9336,shaped
2031-06-29,97.4653,23.6395,51.9336,shaped
2031-06-30,97.4752,23.6395,62.3665,shaped
2031-07-01,97.4851,23.5711,50.244,shaped
2031-07-02,97.4949,23.5711,50.244,shaped
2031-07-03,97.5048,23.5711,50.244,shaped
2031-07-04,97.5147,23.5711,50.244,shaped
2031-07-05,97.5245,23.5711,36.7089,shaped
2031-07-06,97.5344,23.5711,36.7089,shaped
2031-07-07,97.5442,23.5711,53.0088,shaped
2031-07-08,97.5541,23.5711,53.0088,shaped
2031-07-09,97.564,23.5711,53.0088,shaped
2031-07-10,97.5738,23.5711,53.0088,shaped
2031-07-11,97.5837,23.5711,53.0088,shaped
2031-07-12,97.5936,23.5711,41.1033,shaped
2031-07-13,97.6034,23.5711,41.1033,shaped
2031-07-14,97.6133,23.5711,60.2868,shaped
2031-07-15,97.6232,23.5711,60.2868,shaped
2031-07-16,97.633,23.5711,60.2868,shaped
2031-07-17,97.6429,23.5711,60.2868,shaped
2031-07-18,97.6527,23.5711,60.2868,shaped
2031-07-19,97.6626,23.5711,39.5776,shaped
2031-07-20,97.6725,23.5711,39.5776,shaped
2031-07-21,97.6823,23.5711,63.5903,shaped
2031-07-22,97.6922,23.5711,63.5903,shaped
2031-07-23,97.7021,23.5711,63.5903,shaped
2031-07-24,97.7119,23.5711,63.5903,shaped
2031-07-25,97.7218,23.5711,63.5903,shaped
2031-07-26,97.7316,23.5711,44.2789,shaped
2031-07-27,97.7415,23.5711,44.2789,shaped
2031-07-28,97.7514,23.5711,54.2547,shaped
2031-07-29,97.7612,23.5711,54.2547,shaped
2031-07-30,97.7711,23.5711,54.2547,shaped
2031-07-31,97.781,23.5711,54.2547,shaped
2031-08-01,97.7908,24.0373,56.8833,shaped
2031-08-02,97.8007,24.0373,41.4642,shaped
2031-08-03,97.8105,24.0373,41.4642,shaped
2031-08-04,97.8204,24.0373,60.7968,shaped
2031-08-05,97.8303,24.0373,60.7968,shaped
2031-08-06,97.8401,24.0373,60.7968,shaped
2031-08-07,97.85,24.0373,60.7968,shaped
2031-08-08,97.8599,24.0373,60.7968,shaped
2031-08-09,97.8697,24.0373,44.4772,shaped
2031-08-10,97.8796,24.0373,44.4772,shaped
2031-08-11,97.8895,24.0373,60.7895,shaped
2031-08-12,97.8993,24.0373,60.7895,shaped
2031-08-13,97.9092,24.0373,60.7895,shaped
2031-08-14,97.919,24.0373,60.7895,shaped
2031-08-15,97.9289,24.0373,60.7895,shaped
2031-08-16,97.9388,24.0373,47.2209,shaped
2031-08-17,97.9486,24.0373,47.2209,shaped
2031-08-18,97.9585,24.0373,60.8782,shaped
2031-08-19,97.9684,24.0373,60.8782,shaped
2031-08-20,97.9782,24.0373,60.8782,shaped
2031-08-21,97.9881,24.0373,60.8782,shaped
2031-08-22,97.9979,24.0373,60.8782,shaped
2031-08-23,98.0078,24.0373,39.1186,shaped
2031-08-24,98.0177,24.0373,39.1186,shaped
2031-08-25,98.0275,24.0373,59.4738,shaped
2031-08-26,98.0374,24.0373,59.4738,shaped
2031-08-27,98.0473,24.0373,59.4738,shaped
2031-08-28,98.0571,24.0373,59.4738,shaped
2031-08-29,98.067,24.0373,59.4738,shaped
2031-08-30,98.0768,24.0373,37.3182,shaped
2031-08-31,98.0867,24.0373,37.3182,shaped
2031-09-01,98.0966,24.8437,64.9798,shaped
2031-09-02,98.1064,24.8437,64.9798,shaped
2031-09-03,98.1163,24.8437,64.9798,shaped
2031-09-04,98.1262,24.8437,64.9798,shaped
2031-09-05,98.136,24.8437,64.9798,shaped
2031-09-06,98.1459,24.8437,39.6756,shaped
2031-09-07,98.1558,24.8437,39.6756,shaped
2031-09-08,98.1656,24.8437,61.9228,shaped
2031-09-09,98.1755,24.8437,61.9228,shaped
2031-09-10,98.1853,24.8437,61.9228,shaped
2031-09-11,98.1952,24.8437,61.9228,shaped
2031-09-12,98.2051,24.8437,61.9228,shaped
2031-09-13,98.2149,24.8437,39.8322,shaped
2031-09-14,98.2248,24.8437,39.8322,shaped
2031-09-15,98.2347,24.8437,63.2265,shaped
2031-09-16,98.2445,24.8437,63.2265,shaped
2031-09-17,98.2544,24.8437,63.2265,shaped
2031-09-18,98.2642,24.8437,63.2265,shaped
2031-09-19,98.2741,24.8437,63.2265,shaped
2031-09-20,98.284,24.8437,44.7615,shaped
2031-09-21,98.2938,24.8437,44.7615,shaped
2031-09-22,98.3037,24.8437,61.5705,shaped
2031-09-23,98.3136,24.8437,61.5705,shaped
2031-09-24,98.3234,24.8437,61.5705,shaped
2031-09-25,98.3333,24.8437,61.5705,shaped
2031-09-26,98.3432,24.8437,61.5705,shaped
2031-09-27,98.353,24.8437,44.8584,shaped
2031-09-28,98.3629,24.8437,44.8584,shaped
2031-09-29,98.3727,24.8437,59.1219,shaped
2031-09-30,98.3826,24.8437,59.1219,shaped
2031-10-01,98.3925,22.9552,52.4978,shaped
2031-10-02,98.4023,22.9552,52.4978,shaped
2031-10-03,98.4122,22.9552,52.4978,shaped
2031-10-04,98.4221,22.9552,37.5005,shaped
2031-10-05,98.4319,22.9552,37.5005,shaped
2031-10-06,98.4418,22.9552,54.0031,shaped
2031-10-07,98.4516,22.9552,54.0031,shaped
2031-10-08,98.4615,22.9552,54.0031,shaped
2031-10-09,98.4714,22.9552,54.0031,shaped
2031-10-10,98.4812,22.9552,54.0031,shaped
2031-10-11,98.4911,22.9552,37.7347,shaped
2031-10-12,98.501,22.9552,37.7347,shaped
2031-10-13,98.5108,22.9552,63.2946,shaped
2031-10-14,98.5207,22.9552,63.2946,shaped
2031-10-15,98.5305,22.9552,63.2946,shaped
2031-10-16,98.5404,22.9552,63.2946,shaped
2031-10-17,98.5503,22.9552,63.2946,shaped
2031-10-18,98.5601,22.9552,44.6757,shaped
2031-10-19,98.57,22.9552,44.6757,shaped
2031-10-20,98.5799,22.9552,54.638,shaped
2031-10-21,98.5897,22.9552,54.638,shaped
2031-10-22,98.5996,22.9552,54.638,shaped
2031-10-23,98.6095,22.9552,54.638,shaped
2031-10-24,98.6193,22.9552,54.638,shaped
2031-10-25,98.6292,22.9552,39.8356,shaped
2031-10-26,98.639,22.9552,39.8356,shaped
2031-10-27,98.6489,22.9552,57.9561,shaped
2031-10-28,98.6588,22.9552,57.9561,shaped
2031-10-29,98.6686,22.9552,57.9561,shaped
2031-10-30,98.6785,22.9552,57.9561,shaped
2031-10-31,98.6884,22.9552,57.9561,shaped
2031-11-01,98.6982,24.2359,37.5386,shaped
2031-11-02,98.7081,24.2359,37.5386,shaped
2031-11-03,98.7179,24.2359,63.6883,shaped
2031-11-04,98.7278,24.2359,63.6883,shaped
2031-11-05,98.7377,24.2359,63.6883,shaped
2031-11-06,98.7475,24.2359,63.6883,shaped
2031-11-07,98.7574,24.2359,63.6883,shaped
2031-11-08,98.7673,24.2359,35.2067,shaped
2031-11-09,98.7771,24.2359,35.2067,shaped
2031-11-10,98.787,24.2359,66.3932,shaped
2031-11-11,98.7968,24.2359,66.3932,shaped
2031-11-12,98.8067,24.2359,66.3932,shaped
2031-11-13,98.8166,24.2359,66.3932,shaped
2031-11-14,98.8264,24.2359,66.3932,shaped
2031-11-15,98.8363,24.2359,47.0132,shaped
2031-11-16,98.8462,24.2359,47.0132,shaped
2031-11-17,98.856,24.2359,59.4845,shaped
2031-11-18,98.8659,24.2359,59.4845,shaped
2031-11-19,98.8758,24.2359,59.4845,shaped
2031-11-20,98.8856,24.2359,59.4845,shaped
2031-11-21,98.8955,24.2359,59.4845,shaped
2031-11-22,98.9053,24.2359,46.7821,shaped
2031-11-23,98.9152,24.2359,46.7821,shaped
2031-11-24,98.9251,24.2359,62.6567,shaped
2031-11-25,98.9349,24.2359,62.6567,shaped
2031-11-26,98.9448,24.2359,62.6567,shaped
2031-11-27,98.9547,24.2359,62.6567,shaped
2031-11-28,98.9645,24.2359,62.6567,shaped
2031-11-29,98.9744,24.2359,44.0833,shaped
2031-11-30,98.9842,24.2359,44.0833,shaped
2031-12-01,98.9941,25.062,62.5436,shaped
2031-12-02,99.004,25.062,62.5436,shaped
2031-12-03,99.0138,25.062,62.5436,shaped
2031-12-04,99.0237,25.062,62.5436,shaped
2031-12-05,99.0336,25.062,62.5436,shaped
2031-12-06,99.0434,25.062,47.253,shaped
2031-12-07,99.0533,25.062,47.253,shaped
2031-12-08,99.0632,25.062,57.4564,shaped
2031-12-09,99.073,25.062,57.4564,shaped
2031-12-10,99.0829,25.062,57.4564,shaped
2031-12-11,99.0927,25.062,57.4564,shaped
2031-12-12,99.1026,25.062,57.4564,shaped
2031-12-13,99.1125,25.062,43.5044,shaped
2031-12-14,99.1223,25.062,43.5044,shaped
2031-12-15,99.1322,25.062,70.2948,shaped
2031-12-16,99.1421,25.062,70.2948,shaped
2031-12-17,99.1519,25.062,70.2948,shaped
2031-12-18,99.1618,25.062,70.2948,shaped
2031-12-19,99.1716,25.062,70.2948,shaped
2031-12-20,99.1815,25.062,57.4763,shaped
2031-12-21,99.1914,25.062,57.4763,shaped
2031-12-22,99.2012,25.062,58.7406,shaped
2031-12-23,99.2111,25.062,58.7406,shaped
2031-12-24,99.221,25.062,58.7406,shaped
2031-12-25,99.2308,25.062,58.7406,shaped
2031-12-26,99.2407,25.062,58.7406,shaped
2031-12-27,99.2505,25.062,51.1113,shaped
2031-12-28,99.2604,25.062,51.1113,shaped
2031-12-29,99.2703,25.062,55.2314,shaped
2031-12-30,99.2801,25.062,55.2314,shaped
2031-12-31,99.29,25.062,55.2314,shaped
